id,name,artist,cover_url,album_url,buy_url
1,Curtain Call: The Hits,,https://fastly-s3.allmusic.com/release/mr0003695145/front/220/P2ih9VcAQReRKGxTzJB7mJhUoDg0hsvx4F4sL4oO-nA=.jpg,,https://www.allmusic.com/album/curtain-call-the-hits-mw0000673369
2,Forty Licks,,https://fastly-s3.allmusic.com/release/mr0000348150/front/220/9rEaJijhbB2DSfrJ0layjZhUoDg0hsvx4F4sL4oO-nA=.jpg,,https://www.allmusic.com/album/forty-licks-mw0000661926
3,Superunknown,,https://fastly-s3.allmusic.com/release/mr0003706575/front/220/1RVbjn_jd3D1EqEDLinVZA4Q1ghY8VaPylnm7PwcKNY=.jpg,,https://www.allmusic.com/album/superunknown-mw0000107152
4,The Definitive Collection,,https://fastly-s3.allmusic.com/release/mr0001083616/front/220/6wbuqkf1aMDPVx0YQ_QPYB_TZlp6n_cq-Emr2zx15tU=.jpg,,https://www.allmusic.com/album/the-definitive-collection-mw0000351448
5,Greatest Hits,,https://fastly-s3.allmusic.com/release/mr0000848555/front/220/PebqrwxJ3di9UsJdYw3AfByhM-OFI8zG4l-qVpXXB1I=.jpg,,https://www.allmusic.com/album/greatest-hits-mw0000261700
6,Man in Black: His Greatest Hits,,https://fastly-s3.allmusic.com/release/mr0000738945/front/220/q4PiyacQ6A0Ey54U3rRwYByhM-OFI8zG4l-qVpXXB1I=.jpg,,https://www.allmusic.com/album/man-in-black-his-greatest-hits-mw0000048171
7,Dylan,,https://fastly-s3.allmusic.com/release/mr0001479099/front/220/APB4zdWykumfbQPvtFNy1wSijaXJlYnq0St31qpAJWo=.jpg,,https://www.allmusic.com/album/dylan-mw0000749186
8,"Greatest Hits, Vol. 1 [Rhino]",,https://fastly-s3.allmusic.com/release/mr0002754282/front/220/YizU15xdt25Q1O1xkBu47hyhM-OFI8zG4l-qVpXXB1I=.jpg,,https://www.allmusic.com/album/greatest-hits-vol-1-rhino--mw0000203620
9,Life Is Beautiful,,https://fastly-s3.allmusic.com/release/mr0006623937/front/220/qsxDGs9gwWKmHVkGINv5JipQg_7iAU1wjqLgK_xGXts=.jpg,,https://www.allmusic.com/album/life-is-beautiful-mw0004473661
10,Moonlight Concessions,,https://fastly-s3.allmusic.com/release/mr0006602603/front/220/R6bKePgdfdOSm2nRQ_Eq21WnbEN5fCjifro6xhIBuB4=.jpg,,https://www.allmusic.com/album/moonlight-concessions-mw0004456967
11,Who Let the Dogs Out,,https://fastly-s3.allmusic.com/release/mr0006529543/front/220/RYO9Arnj8Bvh4tOxMPiKdQ4Q1ghY8VaPylnm7PwcKNY=.jpg,,https://www.allmusic.com/album/who-let-the-dogs-out-mw0004396837
12,"Lust for Life, Or: 'How to Thread the Needle and Come out the Other Side to Tell the Story'",,https://fastly-s3.allmusic.com/release/mr0006582888/front/220/SLNLH7A_5eqf8qlOUUfJwipQg_7iAU1wjqLgK_xGXts=.jpg,,https://www.allmusic.com/album/lust-for-life-or-how-to-thread-the-needle-and-come-out-the-other-side-to-tell-the-story-mw0004394311
13,Fear of a Black Planet,,https://fastly-s3.allmusic.com/release/mr0000093747/front/220/05dRprwjBGkOtkdiygneIoAf7E_1E-2MlBBPmPAXRBU=.jpg,,https://www.allmusic.com/album/fear-of-a-black-planet-mw0000206260
14,Rage Against the Machine,,https://fastly-s3.allmusic.com/release/mr0000139949/front/220/7eR4tPbvhm06jc78vE2UM5hUoDg0hsvx4F4sL4oO-nA=.jpg,,https://www.allmusic.com/album/rage-against-the-machine-mw0000091696
15,AmeriKKKa's Most Wanted,,https://fastly-s3.allmusic.com/release/mr0002758407/front/220/X9YaSDCxyjtKPrJzxn-50oAf7E_1E-2MlBBPmPAXRBU=.jpg,,https://www.allmusic.com/album/amerikkkas-most-wanted-mw0000056423
16,Master of Puppets,,https://fastly-s3.allmusic.com/release/mr0001623566/front/220/62Fw1fvatjgx3ru19r1BRxyhM-OFI8zG4l-qVpXXB1I=.jpg,,https://www.allmusic.com/album/master-of-puppets-mw0000667490
17,Enter the Wu-Tang (36 Chambers),,https://fastly-s3.allmusic.com/release/mr0000138861/front/220/tt6dNyASKSY8kaavJJurOt_M69_UI9rrJSVvWL2-yAg=.jpg,,https://www.allmusic.com/album/enter-the-wu-tang-36-chambers-mw0000104755
18,Bricks Are Heavy,,https://fastly-s3.allmusic.com/release/mr0001141912/front/220/okU0aH-FtvxcHzra4MsYyR_TZlp6n_cq-Emr2zx15tU=.jpg,,https://www.allmusic.com/album/bricks-are-heavy-mw0000610622
19,Overkill,,https://fastly-s3.allmusic.com/release/mr0001514230/front/220/Ghhntf_-l9JsPvoPtEWwIz6KsMttLlyBmmVTZ6_CLs0=.jpg,,https://www.allmusic.com/album/overkill-mw0000197048
20,The Runaways,,https://fastly-s3.allmusic.com/release/mr0000449396/front/220/UtT9pYhMue8_qqzxn8dqxj6KsMttLlyBmmVTZ6_CLs0=.jpg,,https://www.allmusic.com/album/the-runaways-mw0000114829
21,The Moment of Truth: Ella at the Coliseum,,https://fastly-s3.allmusic.com/release/mr0006606489/front/220/TrW4Erq8QElFIxX7Xefh2D6KsMttLlyBmmVTZ6_CLs0=.jpg,,https://www.allmusic.com/album/the-moment-of-truth-ella-at-the-coliseum-mw0004460044
22,Foxes in the Snow,,https://fastly-s3.allmusic.com/release/mr0006602020/front/220/l4jk2AOMDqRZyj5vai-Ww1WnbEN5fCjifro6xhIBuB4=.jpg,,https://www.allmusic.com/album/foxes-in-the-snow-mw0004456486
24,The Ancients,,https://fastly-s3.allmusic.com/release/mr0006588503/front/220/BgqPrWmLYqRCNEbVjysDwh_TZlp6n_cq-Emr2zx15tU=.jpg,,https://www.allmusic.com/album/the-ancients-mw0004445541
25,Heydays,,https://fastly-s3.allmusic.com/release/mr0000884726/front/220/w8W_DuRsho6XvVG-o-pbNt_M69_UI9rrJSVvWL2-yAg=.jpg,,https://www.allmusic.com/album/heydays-mw0000740822
26,The Ultimate Collection,,https://fastly-s3.allmusic.com/release/mr0000763412/front/220/DDUkCFmMK8IEB952kp-KlgSijaXJlYnq0St31qpAJWo=.jpg,,https://www.allmusic.com/album/the-ultimate-collection-mw0000033621
27,Basher: The Best of Nick Lowe,,https://fastly-s3.allmusic.com/release/mr0001416304/front/220/L9DUBAOONnoxoavYsFoUIRyhM-OFI8zG4l-qVpXXB1I=.jpg,,https://www.allmusic.com/album/basher-the-best-of-nick-lowe-mw0000202323
28,The Intimate Ellington,,https://fastly-s3.allmusic.com/release/mr0000107496/front/220/wZ3KHuW0cHQXBTR68U0s7z6KsMttLlyBmmVTZ6_CLs0=.jpg,,https://www.allmusic.com/album/the-intimate-ellington-mw0000674680
29,Stand by Your Man,,https://fastly-s3.allmusic.com/release/mr0001238903/front/220/_iruikGtzff6vNdTELZyx4Af7E_1E-2MlBBPmPAXRBU=.jpg,,https://www.allmusic.com/album/stand-by-your-man-mw0000232920
30,1984,,https://fastly-s3.allmusic.com/release/mr0001294652/front/220/59QlNYjs3zBF77TonHFrEh_TZlp6n_cq-Emr2zx15tU=.jpg,,https://www.allmusic.com/album/1984-mw0000196168
31,Greatest,,https://fastly-s3.allmusic.com/release/mr0004880354/front/220/1ziyK_XGyvxjZjm0pMsYzd_M69_UI9rrJSVvWL2-yAg=.jpg,,https://www.allmusic.com/album/greatest-mw0000190866
32,The Way Home,,https://fastly-s3.allmusic.com/release/mr0001432883/front/220/CbMoLoziUlWJlKT_2k6EaASijaXJlYnq0St31qpAJWo=.jpg,,https://www.allmusic.com/album/the-way-home-mw0000654139
33,Neujahrskonzert 2025 New Year's Concert,,https://fastly-s3.allmusic.com/release/mr0006601146/front/220/Au7e9_3ehekttT9HpSQxSxyhM-OFI8zG4l-qVpXXB1I=.jpg,,https://www.allmusic.com/album/neujahrskonzert-2025-new-years-concert-mw0004432214
34,Nation Shall Speak Unto Nation,,https://fastly-s3.allmusic.com/release/mr0006603322/front/220/Z9UtGZMHeuuLcCttuARIjd_M69_UI9rrJSVvWL2-yAg=.jpg,,https://www.allmusic.com/album/nation-shall-speak-unto-nation-mw0004457525
35,Seelentrost,,https://fastly-s3.allmusic.com/release/mr0006551986/front/220/2qlkXlg5pG90nKfYlq6rUCpQg_7iAU1wjqLgK_xGXts=.jpg,,https://www.allmusic.com/album/seelentrost-mw0004414924
36,Lieder,,https://fastly-s3.allmusic.com/release/mr0006568715/front/220/mJdqHGv3ndgttHpneC6F6VWnbEN5fCjifro6xhIBuB4=.jpg,,https://www.allmusic.com/album/lieder-mw0004428122
37,A Rainbow in Curved Air,,https://fastly-s3.allmusic.com/release/mr0001412011/front/220/aYVDzbTKGyKVtHBMkqHgxB_TZlp6n_cq-Emr2zx15tU=.jpg,,https://www.allmusic.com/album/a-rainbow-in-curved-air-mw0000161608
39,Ambient: Aqua/Timewind/Blackouts,,https://fastly-s3.allmusic.com/release/mr0000155988/front/220/PeXbHLiU7qYlWSWEaZCJuoAf7E_1E-2MlBBPmPAXRBU=.jpg,,https://www.allmusic.com/album/ambient-aqua-timewind-blackouts-mw0000120084
40,Toumani & Sidiki,,https://fastly-s3.allmusic.com/release/mr0004145837/front/220/co8knGf8FTDyLGIG51PVpSpQg_7iAU1wjqLgK_xGXts=.jpg,,https://www.allmusic.com/album/toumani-sidiki-mw0002657966
41,Philip Glass: Songs from Liquid Days,,https://fastly-s3.allmusic.com/release/mr0001432928/front/220/y0RK5fDPtn_yYGkEgB5YCQ4Q1ghY8VaPylnm7PwcKNY=.jpg,,https://www.allmusic.com/album/philip-glass-songs-from-liquid-days-mw0000269337
42,Next Tango,,https://fastly-s3.allmusic.com/release/mr0002542854/front/220/UJ6ZrF4_U76JMmOjeMRKlphUoDg0hsvx4F4sL4oO-nA=.jpg,,https://www.allmusic.com/album/next-tango-mw0001525073
43,Rounds,,https://fastly-s3.allmusic.com/release/mr0000403021/front/220/-5X1AeBzMHiQYY0XFEmPKlWnbEN5fCjifro6xhIBuB4=.jpg,,https://www.allmusic.com/album/rounds-mw0000028336
44,Philip Glass: Glassworks,,https://fastly-s3.allmusic.com/release/mr0002147045/front/220/LsGMXMFGgePx8hzycRSjdB_TZlp6n_cq-Emr2zx15tU=.jpg,,https://www.allmusic.com/album/philip-glass-glassworks-mw0000157237
45,Gut,,https://fastly-s3.allmusic.com/release/mr0006623363/front/220/Nze7l-tfsYvqFnbnW_8oPg4Q1ghY8VaPylnm7PwcKNY=.jpg,,https://www.allmusic.com/album/gut-mw0004473235
46,Consentrik Quartet,,https://fastly-s3.allmusic.com/release/mr0006599587/front/220/oVKe-Z2mghdrSLwke1bt7ASijaXJlYnq0St31qpAJWo=.jpg,,https://www.allmusic.com/album/consentrik-quartet-mw0004454493
47,Just,,https://fastly-s3.allmusic.com/release/mr0006565992/front/220/SLNLH7A_5eqf8qlOUUfJwoAf7E_1E-2MlBBPmPAXRBU=.jpg,,https://www.allmusic.com/album/just-mw0004426592
48,Lay Low,,https://fastly-s3.allmusic.com/release/mr0006543923/front/220/5K-mc8qxbOp41uCEwf8QiR_TZlp6n_cq-Emr2zx15tU=.jpg,,https://www.allmusic.com/album/lay-low-mw0004394877
49,Kid A,,https://fastly-s3.allmusic.com/release/mr0001436301/front/220/k0Hidl1HJaW7iMa_zQRnHd_M69_UI9rrJSVvWL2-yAg=.jpg,,https://www.allmusic.com/album/kid-a-mw0000620999
50,Adam's Apple,,https://fastly-s3.allmusic.com/release/mr0001715662/front/220/8t_AjIFZZYOo3RK_bABZYgSijaXJlYnq0St31qpAJWo=.jpg,,https://www.allmusic.com/album/adams-apple-mw0000192508
51,Mingus Ah Um,,https://fastly-s3.allmusic.com/release/mr0000007485/front/220/fTBV434r_5lX2QNsDzwr3R_TZlp6n_cq-Emr2zx15tU=.jpg,,https://www.allmusic.com/album/mingus-ah-um-mw0000188531
52,Brilliant Corners,,https://fastly-s3.allmusic.com/release/mr0001072528/front/220/T4BUo5iyuEzir8Is69jsMN_M69_UI9rrJSVvWL2-yAg=.jpg,,https://www.allmusic.com/album/brilliant-corners-mw0000188572
53,Saxophone Colossus,,https://fastly-s3.allmusic.com/release/mr0003350677/front/220/TdqVapR5lPyo4j0W18l_2B_TZlp6n_cq-Emr2zx15tU=.jpg,,https://www.allmusic.com/album/saxophone-colossus-mw0000188597
54,The Essential Waylon Jennings [RCA Nashville/Legacy],,https://fastly-s3.allmusic.com/release/mr0000585622/front/220/-xs6L0FhQm11xdCxFYi74A4Q1ghY8VaPylnm7PwcKNY=.jpg,,https://www.allmusic.com/album/the-essential-waylon-jennings-rca-nashville-legacy--mw0000481565
55,The Essential Bruce Springsteen,,https://fastly-s3.allmusic.com/release/mr0000322391/front/220/aht2cb033T7rEh17OlpypoAf7E_1E-2MlBBPmPAXRBU=.jpg,,https://www.allmusic.com/album/the-essential-bruce-springsteen-mw0000322463
56,"Nite Life: Greatest Hits and Rare Tracks, 1959-1971",,https://fastly-s3.allmusic.com/release/mr0001362022/front/220/RYasMjN3sdD0WY1yydZMaN_M69_UI9rrJSVvWL2-yAg=.jpg,,https://www.allmusic.com/album/nite-life-greatest-hits-and-rare-tracks-1959-1971-mw0000308293
57,MAYHEM,,https://fastly-s3.allmusic.com/release/mr0006612146/front/220/QFHadNkMAFWXn4600m0O4SpQg_7iAU1wjqLgK_xGXts=.jpg,,https://www.allmusic.com/album/mayhem-mw0004464509
58,"Dave's Picks, Vol. 53: Riverfront Coliseum, Cincinnati, OH 10/2/76",,https://fastly-s3.allmusic.com/release/mr0006623197/front/220/S8CUx8kRUoySOny1CWeEzZhUoDg0hsvx4F4sL4oO-nA=.jpg,,https://www.allmusic.com/album/daves-picks-vol-53-riverfront-coliseum-cincinnati-oh-10-2-76-mw0004473082
59,"Wildflowers, Vol. 1",,https://fastly-s3.allmusic.com/release/mr0006553509/front/220/RYO9Arnj8Bvh4tOxMPiKdRyhM-OFI8zG4l-qVpXXB1I=.jpg,,https://www.allmusic.com/album/wildflowers-vol-1-mw0004416167
60,Honey from a Winter Stone,,https://fastly-s3.allmusic.com/release/mr0006559528/front/220/19uHNPULnPY2blW_VWYsBhyhM-OFI8zG4l-qVpXXB1I=.jpg,,https://www.allmusic.com/album/honey-from-a-winter-stone-mw0004421199
61,The Best of Louis Armstrong: The Best of the Hot Five and Hot Seven Recordings,,https://fastly-s3.allmusic.com/release/mr0001135194/front/220/a6t9l8xrleNf3FDjpHxXaSpQg_7iAU1wjqLgK_xGXts=.jpg,,https://www.allmusic.com/album/the-best-of-louis-armstrong-the-best-of-the-hot-five-and-hot-seven-recordings-mw0000043222
62,3 Feet High and Rising,,https://fastly-s3.allmusic.com/release/mr0005899311/front/220/uMf9n9A0KMjfnfoAy0eakd_M69_UI9rrJSVvWL2-yAg=.jpg,,https://www.allmusic.com/album/3-feet-high-and-rising-mw0000199727
63,Mack the Knife: Ella in Berlin,,https://fastly-s3.allmusic.com/release/mr0004412331/front/220/uRAF_19YDX-xNZoZyiOkaB_TZlp6n_cq-Emr2zx15tU=.jpg,,https://www.allmusic.com/album/mack-the-knife-ella-in-berlin-mw0000649510
64,She's So Unusual,,https://fastly-s3.allmusic.com/release/mr0000434277/front/220/opF69y8peQr585KBg4uBpByhM-OFI8zG4l-qVpXXB1I=.jpg,,https://www.allmusic.com/album/shes-so-unusual-mw0000194590
65,Anthology 1935-1973,,https://fastly-s3.allmusic.com/release/mr0001230470/front/220/wV19hxFOgyAX15_ONYwd5ZhUoDg0hsvx4F4sL4oO-nA=.jpg,,https://www.allmusic.com/album/anthology-1935-1973-mw0000264952
66,Mondo Mambo: The Best of Perez Prado,,https://fastly-s3.allmusic.com/release/mr0001943652/front/220/VKuN8-WOhPRXSuEvJWX15t_M69_UI9rrJSVvWL2-yAg=.jpg,,https://www.allmusic.com/album/mondo-mambo-the-best-of-perez-prado-mw0000175030
67,Jesus of Cool,,https://fastly-s3.allmusic.com/release/mr0000291558/front/220/DxEEEp2CII_Mjf0LIsuM0gSijaXJlYnq0St31qpAJWo=.jpg,,https://www.allmusic.com/album/jesus-of-cool-mw0000197696
72,Fresh Fruit for Rotting Vegetables,,https://fastly-s3.allmusic.com/release/mr0005699290/front/220/ciOI9XGjedSWMSxfrio-g9_M69_UI9rrJSVvWL2-yAg=.jpg,,https://www.allmusic.com/album/fresh-fruit-for-rotting-vegetables-mw0000189736
73,It Takes a Nation of Millions to Hold Us Back,,https://fastly-s3.allmusic.com/release/mr0003705501/front/220/-S3N4LS5DE7g8QUrmfn1CypQg_7iAU1wjqLgK_xGXts=.jpg,,https://www.allmusic.com/album/it-takes-a-nation-of-millions-to-hold-us-back-mw0000196315
74,Damaged,,https://fastly-s3.allmusic.com/release/mr0000087571/front/220/svUBor47lnixwqEV-XjOwhyhM-OFI8zG4l-qVpXXB1I=.jpg,,https://www.allmusic.com/album/damaged-mw0000198777
75,This Year's Model,,https://fastly-s3.allmusic.com/release/mr0000928050/front/220/eglZNT_Tp_0cPt4Op35asz6KsMttLlyBmmVTZ6_CLs0=.jpg,,https://www.allmusic.com/album/this-years-model-mw0000189632
76,Surfer Rosa,,https://fastly-s3.allmusic.com/release/mr0000021425/front/220/ir3Xc3hIi3aig70SRKhHw4Af7E_1E-2MlBBPmPAXRBU=.jpg,,https://www.allmusic.com/album/surfer-rosa-mw0000196022
78,Death Certificate,,https://fastly-s3.allmusic.com/release/mr0004721868/front/220/hH-BBcEhCe4hvHuMOZfX3JhUoDg0hsvx4F4sL4oO-nA=.jpg,,https://www.allmusic.com/album/death-certificate-mw0000274693
79,The Clash,,https://fastly-s3.allmusic.com/release/mr0000000656/front/220/rSBU5ZVyVp7Nyu2mNJ9hew4Q1ghY8VaPylnm7PwcKNY=.jpg,,https://www.allmusic.com/album/the-clash-mw0000189492
80,Weill: The Seven Deadly Sins,,https://fastly-s3.allmusic.com/release/mr0006565686/front/220/Fq_uiFb7OugSYi7Jap8mOVWnbEN5fCjifro6xhIBuB4=.jpg,,https://www.allmusic.com/album/weill-the-seven-deadly-sins-mw0004426327
81,Here We Go Crazy,,https://fastly-s3.allmusic.com/release/mr0006580232/front/220/vG5iAwINF6NYXtKDUaigNoAf7E_1E-2MlBBPmPAXRBU=.jpg,,https://www.allmusic.com/album/here-we-go-crazy-mw0004438722
88,The Downward Spiral,,https://fastly-s3.allmusic.com/release/mr0000781250/front/220/DoHn4pXXd2R7evqUL85lrwSijaXJlYnq0St31qpAJWo=.jpg,,https://www.allmusic.com/album/the-downward-spiral-mw0000110711
90,The Singles 86>98,,https://fastly-s3.allmusic.com/release/mr0000005679/front/220/dktMeAePgqbOH9--bvNkqR_TZlp6n_cq-Emr2zx15tU=.jpg,,https://www.allmusic.com/album/the-singles-8698-mw0000044407
91,Violator,,https://fastly-s3.allmusic.com/release/mr0001462976/front/220/RADi4whS7S1y-Ku1atkK25hUoDg0hsvx4F4sL4oO-nA=.jpg,,https://www.allmusic.com/album/violator-mw0000206302
92,The Purple Bird,,https://fastly-s3.allmusic.com/release/mr0006595120/front/220/vQouZT-HcUHc0Bu3IZaBHypQg_7iAU1wjqLgK_xGXts=.jpg,,https://www.allmusic.com/album/the-purple-bird-mw0004399541
94,Balloonerism,,https://fastly-s3.allmusic.com/release/mr0006498065/front/220/Y4nWZZiS4IcxqxCEiH6pTFWnbEN5fCjifro6xhIBuB4=.jpg,,https://www.allmusic.com/album/balloonerism-mw0004431743
95,Symphony of Lungs: BBC Proms at the Royal Albert Hall,,https://fastly-s3.allmusic.com/release/mr0006531910/front/220/MUgcLxqZH-ErCnmn8YO74CpQg_7iAU1wjqLgK_xGXts=.jpg,,https://www.allmusic.com/album/symphony-of-lungs-bbc-proms-at-the-royal-albert-hall-mw0004398589
97,Lawdy!,,https://fastly-s3.allmusic.com/release/mr0001321264/front/220/aqOMN8f6XiPBT0q75IRJzxyhM-OFI8zG4l-qVpXXB1I=.jpg,,https://www.allmusic.com/album/lawdy%21-mw0000674677
101,Good Time Tonight,,https://fastly-s3.allmusic.com/release/mr0000766572/front/220/bJyVT63gu9QOJHRGVwmN9d_M69_UI9rrJSVvWL2-yAg=.jpg,,https://www.allmusic.com/album/good-time-tonight-mw0000315914
103,Anthology,,https://fastly-s3.allmusic.com/release/mr0001159450/front/220/2ePwWMjdJs-klNVjrtgvoQSijaXJlYnq0St31qpAJWo=.jpg,,https://www.allmusic.com/album/anthology-mw0000035955
104,Plus One,,https://fastly-s3.allmusic.com/release/mr0006569943/front/220/i_6yLyBZrJI29mzZjd83Zg4Q1ghY8VaPylnm7PwcKNY=.jpg,,https://www.allmusic.com/album/plus-one-mw0004430088
105,EUSEXUA,,https://fastly-s3.allmusic.com/release/mr0006511599/front/220/WMo74TKuvpmR_hqcbFJrERyhM-OFI8zG4l-qVpXXB1I=.jpg,,https://www.allmusic.com/album/eusexua-mw0004383108
106,For Melancholy Brunettes (& Sad Women),,https://fastly-s3.allmusic.com/release/mr0006598345/front/220/WKpeN77cvN3rQQfQF1MOcA4Q1ghY8VaPylnm7PwcKNY=.jpg,,https://www.allmusic.com/album/for-melancholy-brunettes--sad-women-mw0004453485
107,Sharon Van Etten & the Attachment Theory,,https://fastly-s3.allmusic.com/release/mr0006536344/front/220/Etvqw1USTmQqzU4IUH8pHgSijaXJlYnq0St31qpAJWo=.jpg,,https://www.allmusic.com/album/sharon-van-etten-the-attachment-theory-mw0004401948
108,The Idler Wheel Is Wiser Than the Driver of the Screw and Whipping Cords Will Serve You More Than Ropes Will Ever Do,,https://fastly-s3.allmusic.com/release/mr0003603898/front/220/kx4G8ktyQa5NfDRb2MfU1xyhM-OFI8zG4l-qVpXXB1I=.jpg,,https://www.allmusic.com/album/the-idler-wheel-is-wiser-than-the-driver-of-the-screw-and-whipping-cords-will-serve-you-more-than-ropes-will-ever-do-mw0002332951
109,Strauss: Salome [DVD Video],,https://fastly-s3.allmusic.com/release/mr0002679665/front/220/fprU9kQdJgW5yyjzzPrwWoAf7E_1E-2MlBBPmPAXRBU=.jpg,,https://www.allmusic.com/album/strauss-salome-dvd-video--mw0001428726
110,Music of Edgar Varèse,,https://fastly-s3.allmusic.com/release/mr0002069938/front/220/dgZdBk88Eu-HLlD2V3XTsQ4Q1ghY8VaPylnm7PwcKNY=.jpg,,https://www.allmusic.com/album/music-of-edgar-var%C3%A8se-mw0000942374
111,"The Complete, Legendary, Live Return Concert",,https://fastly-s3.allmusic.com/release/mr0005535793/front/220/nDSz7i4AZ7SlzaWNq3Y034Af7E_1E-2MlBBPmPAXRBU=.jpg,,https://www.allmusic.com/album/the-complete-legendary-live-return-concert-mw0003622360
112,Stravinsky: Firebird; Rite of Spring,,https://fastly-s3.allmusic.com/release/mr0002711153/front/220/aK7X17RC0rE32jQLTxgvICpQg_7iAU1wjqLgK_xGXts=.jpg,,https://www.allmusic.com/album/stravinsky-firebird-rite-of-spring-mw0001365999
113,Blues Symphony: Wynton Marsalis Symphony No. 2,,https://fastly-s3.allmusic.com/release/mr0005424781/front/220/xyAdaMRwDPyFZu1x-DMMkT6KsMttLlyBmmVTZ6_CLs0=.jpg,,https://www.allmusic.com/album/blues-symphony-wynton-marsalis-symphony-no-2-mw0003537890
114,Landfall,,https://fastly-s3.allmusic.com/release/mr0004833102/front/220/N1k05quzoTNrCTkjwqv7xwSijaXJlYnq0St31qpAJWo=.jpg,,https://www.allmusic.com/album/landfall-mw0003133490
115,Splazsh,,https://fastly-s3.allmusic.com/release/mr0002920535/front/220/6kOyeHFbr4DLPbzdiH1N34Af7E_1E-2MlBBPmPAXRBU=.jpg,,https://www.allmusic.com/album/splazsh-mw0001989386
116,Flashpoints and Undercurrents,,https://fastly-s3.allmusic.com/release/mr0006549008/front/220/EURKhT6DDLCoM5vzzr1pXz6KsMttLlyBmmVTZ6_CLs0=.jpg,,https://www.allmusic.com/album/flashpoints-and-undercurrents-mw0004412377
117,"War, Silence: Rare Italian Piano Concertos",,https://fastly-s3.allmusic.com/release/mr0006614291/front/220/fCd7TyzT7i6pigSm3ntpVSpQg_7iAU1wjqLgK_xGXts=.jpg,,https://www.allmusic.com/album/war-silence-rare-italian-piano-concertos-mw0004416407
119,John Zorn: Complete String Quartets,,https://fastly-s3.allmusic.com/release/mr0006567739/front/220/U-JqEstNPtxdX_kIU_8wXlWnbEN5fCjifro6xhIBuB4=.jpg,,https://www.allmusic.com/album/john-zorn-complete-string-quartets-mw0004428129
121,Singles Going Steady,,https://fastly-s3.allmusic.com/release/mr0000827721/front/220/-qE7gGnXo88VuSGEbYQInt_M69_UI9rrJSVvWL2-yAg=.jpg,,https://www.allmusic.com/album/singles-going-steady-mw0000651822
122,Moby,,https://fastly-s3.allmusic.com/release/mr0000778211/front/220/qjw0SgaKjZDxkRtZWnuCTQSijaXJlYnq0St31qpAJWo=.jpg,,https://www.allmusic.com/album/moby-mw0000086878
123,"John Williams: Greatest Hits, 1969-1999",,https://fastly-s3.allmusic.com/release/mr0001245328/front/220/5Fqi5qcA5h-yjKcR4qIsnT6KsMttLlyBmmVTZ6_CLs0=.jpg,,https://www.allmusic.com/album/john-williams-greatest-hits-1969-1999-mw0000395642
124,Her Very Best,,https://fastly-s3.allmusic.com/release/mr0001338894/front/220/rSIZlQ3vM6TShfanAPD29Q4Q1ghY8VaPylnm7PwcKNY=.jpg,,https://www.allmusic.com/album/her-very-best-mw0000649945
125,Pink Flag,,https://fastly-s3.allmusic.com/release/mr0000532687/front/220/rRMy9CXQsUHAuHVPCzHfzgSijaXJlYnq0St31qpAJWo=.jpg,,https://www.allmusic.com/album/pink-flag-mw0000192366
126,On Returning (1977-1979),,https://fastly-s3.allmusic.com/release/mr0001574061/front/220/sST4yPGiOQdwn3XwCUNzpQSijaXJlYnq0St31qpAJWo=.jpg,,https://www.allmusic.com/album/on-returning-1977-1979-mw0000201598
130,Mahler: Symphonie Nr. 7,,https://fastly-s3.allmusic.com/release/mr0006551128/front/220/wFbo8bdq16gYQE8dioqAOCpQg_7iAU1wjqLgK_xGXts=.jpg,,https://www.allmusic.com/album/mahler-symphonie-nr-7-mw0004414178
131,Closer to the Bone,,https://fastly-s3.allmusic.com/release/mr0006566360/front/220/QmLAllguqYGLG2gdsqm0ZT6KsMttLlyBmmVTZ6_CLs0=.jpg,,https://www.allmusic.com/album/closer-to-the-bone-mw0004426928
132,Viva la Vida or Death and All His Friends,,https://fastly-s3.allmusic.com/release/mr0001168735/front/220/3IvKjcFS8q8uxnMdda7PClWnbEN5fCjifro6xhIBuB4=.jpg,,https://www.allmusic.com/album/viva-la-vida-or-death-and-all-his-friends-mw0000787235
133,Born This Way,,https://fastly-s3.allmusic.com/release/mr0003339969/front/220/7peyNcSTO7koHz991RJAE5hUoDg0hsvx4F4sL4oO-nA=.jpg,,https://www.allmusic.com/album/born-this-way-mw0002132518
134,Vault: Def Leppard Greatest Hits 1980-1995,,https://fastly-s3.allmusic.com/release/mr0000360892/front/220/rqJ-uvXau4g5-4ikjSeAc1WnbEN5fCjifro6xhIBuB4=.jpg,,https://www.allmusic.com/album/vault-def-leppard-greatest-hits-1980-1995-mw0000645839
135,Pyromania,,https://fastly-s3.allmusic.com/release/mr0001765611/front/220/KnWyjP7DmgYGd6ORjLiHFCpQg_7iAU1wjqLgK_xGXts=.jpg,,https://www.allmusic.com/album/pyromania-mw0000189739
136,"Tom & Will: Weelkes & Byrd, 400 Years",,https://fastly-s3.allmusic.com/release/mr0005868114/front/220/Olv__tiLRRLBIUHBdCqXQFWnbEN5fCjifro6xhIBuB4=.jpg,,https://www.allmusic.com/album/tom-will-weelkes-byrd-400-years-mw0003874125
137,The Berlin Concert,,https://fastly-s3.allmusic.com/release/mr0005540045/front/220/t73wz-_JjmJIyX2iRtWrRFWnbEN5fCjifro6xhIBuB4=.jpg,,https://www.allmusic.com/album/the-berlin-concert-mw0003625781
138,British Steel,,https://fastly-s3.allmusic.com/release/mr0001075643/front/220/eLZAQTFkCnBz5FJvK2CkQASijaXJlYnq0St31qpAJWo=.jpg,,https://www.allmusic.com/album/british-steel-mw0000190568
139,Toxicity,,https://fastly-s3.allmusic.com/release/mr0000329891/front/220/BNB7Nq-Fjf-M_Dn7SjFepQ4Q1ghY8VaPylnm7PwcKNY=.jpg,,https://www.allmusic.com/album/toxicity-mw0000620587
140,It Will Be Like Now,,https://fastly-s3.allmusic.com/release/mr0006573090/front/220/qL1OlEudDxMepnj6VwcswByhM-OFI8zG4l-qVpXXB1I=.jpg,,https://www.allmusic.com/album/it-will-be-like-now-mw0004432788
141,Serene Demon,,https://fastly-s3.allmusic.com/release/mr0006596980/front/220/g66Dk1JKVPRwneuBsywpHVWnbEN5fCjifro6xhIBuB4=.jpg,,https://www.allmusic.com/album/serene-demon-mw0004452427
142,Karlheinz Stockhausen: Kontakte,,https://fastly-s3.allmusic.com/release/mr0000130068/front/220/_dBKBepWlsVDA-qJyxQFJt_M69_UI9rrJSVvWL2-yAg=.jpg,,https://www.allmusic.com/album/karlheinz-stockhausen-kontakte-mw0000050066
143,John Adams: On the Transmigration of Souls,,https://fastly-s3.allmusic.com/release/mr0000477668/front/220/5ySBIP45SjxpucBd72uwfB_TZlp6n_cq-Emr2zx15tU=.jpg,,https://www.allmusic.com/album/john-adams-on-the-transmigration-of-souls-mw0000395269
145,Lizard,,https://fastly-s3.allmusic.com/release/mr0001450787/front/220/GxlViDfef5nyCY5lsvMgVJhUoDg0hsvx4F4sL4oO-nA=.jpg,,https://www.allmusic.com/album/lizard-mw0000190503
146,Kurt Weill: Mahagonny,,https://fastly-s3.allmusic.com/release/mr0002440441/front/220/GeyQ9U9Wqv5DtNU5Y-r0ooAf7E_1E-2MlBBPmPAXRBU=.jpg,,https://www.allmusic.com/album/kurt-weill-mahagonny-mw0001947098
148,YRU Still Here?,,https://fastly-s3.allmusic.com/release/mr0004871378/front/220/kQNRH2lscQPb309GkCab5N_M69_UI9rrJSVvWL2-yAg=.jpg,,https://www.allmusic.com/album/yru-still-here--mw0003162350
149,Connection,,https://fastly-s3.allmusic.com/release/mr0006022148/front/220/Gzz1E0SZXFz3Hv3pmFfm9gSijaXJlYnq0St31qpAJWo=.jpg,,https://www.allmusic.com/album/connection-mw0003989778
150,Dream Requiem,,https://fastly-s3.allmusic.com/release/mr0006593361/front/220/_2qIA0UrOi3AtkGTB-Svzj6KsMttLlyBmmVTZ6_CLs0=.jpg,,https://www.allmusic.com/album/dream-requiem-mw0004449629
151,A Blade Because a Blade Is Whole,,https://fastly-s3.allmusic.com/release/mr0006610525/front/220/7tr9O050mG7CoyZrRnIKegSijaXJlYnq0St31qpAJWo=.jpg,,https://www.allmusic.com/album/a-blade-because-a-blade-is-whole-mw0004463365
152,Drop Out III,,https://fastly-s3.allmusic.com/release/mr0006561854/front/220/uqR85F4rSQp4PvxRFpTb9T6KsMttLlyBmmVTZ6_CLs0=.jpg,,https://www.allmusic.com/album/drop-out-iii-mw0004423008
153,Birthmarks,,https://fastly-s3.allmusic.com/release/mr0006593633/front/220/8bCkk4vX8bAMpAl5W_GdVSpQg_7iAU1wjqLgK_xGXts=.jpg,,https://www.allmusic.com/album/birthmarks-mw0004449845
154,Stravinsky: Concerto; Janácek: Capriccio & Sonata,,https://fastly-s3.allmusic.com/release/mr0003401107/front/220/ypdPQ6nTFA5rcUWq41fqXd_M69_UI9rrJSVvWL2-yAg=.jpg,,https://www.allmusic.com/album/stravinsky-concerto-jan%C3%A1cek-capriccio-sonata-mw0002177567
155,"Tap: John Zorn's Book of Angels, Vol. 20",,https://fastly-s3.allmusic.com/release/mr0003955005/front/220/6fWWZLTlMfqYAPRvLXKqiByhM-OFI8zG4l-qVpXXB1I=.jpg,,https://www.allmusic.com/album/tap-john-zorns-book-of-angels-vol-20-mw0002538264
156,Silver Apples of the Moon for Electronic Music Synthesizer,,https://fastly-s3.allmusic.com/release/mr0001449975/front/220/D4RjX4BOmzYFvJhHwKTgkh_TZlp6n_cq-Emr2zx15tU=.jpg,,https://www.allmusic.com/album/silver-apples-of-the-moon-for-electronic-music-synthesizer-mw0000145769
157,async,,https://fastly-s3.allmusic.com/release/mr0004693691/front/220/NNkze3XdTrowyxJ01gGeOz6KsMttLlyBmmVTZ6_CLs0=.jpg,,https://www.allmusic.com/album/async-mw0003033135
158,Rakka,,https://fastly-s3.allmusic.com/release/mr0005195970/front/220/jso2m_tdLPLMxjer22sExd_M69_UI9rrJSVvWL2-yAg=.jpg,,https://www.allmusic.com/album/rakka-mw0003370785
159,The Complete Columbia Albums Collection,,https://fastly-s3.allmusic.com/release/mr0003533622/front/220/MznDGOeeqVAMqpPyepe025hUoDg0hsvx4F4sL4oO-nA=.jpg,,https://www.allmusic.com/album/the-complete-columbia-albums-collection-mw0002278047
160,The Banshees of Inisherin [Original Score],,https://fastly-s3.allmusic.com/release/mr0005855095/front/220/p9FePd7Si97oS8Lf_RFkXj6KsMttLlyBmmVTZ6_CLs0=.jpg,,https://www.allmusic.com/album/the-banshees-of-inisherin-original-score--mw0003863268
161,Heligoland,,https://fastly-s3.allmusic.com/release/mr0002866044/front/220/urQtvBdr-vyUPAaj5Kb9U9_M69_UI9rrJSVvWL2-yAg=.jpg,,https://www.allmusic.com/album/heligoland-mw0001955856
162,Vol. 3: To Swing or Not to Swing,,https://fastly-s3.allmusic.com/release/mr0001299931/front/220/UmIy5p6aHiySTt09A3PU0z6KsMttLlyBmmVTZ6_CLs0=.jpg,,https://www.allmusic.com/album/vol-3-to-swing-or-not-to-swing-mw0000188411
163,Koyaanisqatsi: Life Out of Balance,,https://fastly-s3.allmusic.com/release/mr0001240337/front/220/7ZwKB_YVboL2KFNtkETG6oAf7E_1E-2MlBBPmPAXRBU=.jpg,,https://www.allmusic.com/album/koyaanisqatsi-life-out-of-balance-mw0000651297
164,Syro,,https://fastly-s3.allmusic.com/release/mr0004250033/front/220/Qn3lrwN0b3JpPYkZnpj0aJhUoDg0hsvx4F4sL4oO-nA=.jpg,,https://www.allmusic.com/album/syro-mw0002727829
165,"Beethoven: Concertos pour piano no. 4 et no. 5 ""L'Empereur""",,https://fastly-s3.allmusic.com/release/mr0002107553/front/220/cOrAyMqCozCtJJjJebDziw4Q1ghY8VaPylnm7PwcKNY=.jpg,,https://www.allmusic.com/album/beethoven-concertos-pour-piano-no-4-et-no-5-lempereur-mw0001388114
166,Beethoven: Emperor Concerto,,https://fastly-s3.allmusic.com/release/mr0002657671/front/220/oVzB3SqlaYzJ5Cn07tiLtVWnbEN5fCjifro6xhIBuB4=.jpg,,https://www.allmusic.com/album/beethoven-emperor-concerto-mw0001401549
167,Sviatoslav Richter joue Franz Liszt,,https://fastly-s3.allmusic.com/release/mr0002716451/front/220/famzjXqi0d2Z0zEK13gOtgSijaXJlYnq0St31qpAJWo=.jpg,,https://www.allmusic.com/album/sviatoslav-richter-joue-franz-liszt-mw0001390369
168,Barber: Piano Concerto; Bartók: Piano Concerto No. 3; Keith Jarrett: Tokyo Encore,,https://fastly-s3.allmusic.com/release/mr0004400483/front/220/gNPaMBJmHIvA_pwngrUlVYAf7E_1E-2MlBBPmPAXRBU=.jpg,,https://www.allmusic.com/album/barber-piano-concerto-bart%C3%B3k-piano-concerto-no-3-keith-jarrett-tokyo-encore-mw0002837317
169,The BFG [Original Motion Picture Soundtrack],,https://fastly-s3.allmusic.com/release/mr0004564660/front/220/MSZsFSPhStaLGJDUVAdB0g4Q1ghY8VaPylnm7PwcKNY=.jpg,,https://www.allmusic.com/album/the-bfg-original-motion-picture-soundtrack--mw0002946538
172,Rachmaninov: Piano Sonatas Nos. 1 & 2; The Isle of the Dead,,https://fastly-s3.allmusic.com/release/mr0006573457/front/220/t62Fsy7GIBbER2FNFK-gZD6KsMttLlyBmmVTZ6_CLs0=.jpg,,https://www.allmusic.com/album/rachmaninov-piano-sonatas-nos-1-2-the-isle-of-the-dead-mw0004433075
173,Inmost Heart,,https://fastly-s3.allmusic.com/release/mr0006573348/front/220/AalHVUsXC27Ma7-_uWYVRQ4Q1ghY8VaPylnm7PwcKNY=.jpg,,https://www.allmusic.com/album/inmost-heart-mw0004432968
174,U.F.Orb,,https://fastly-s3.allmusic.com/release/mr0000779594/front/220/XAB0ced4MgdZc2SbAGb2iASijaXJlYnq0St31qpAJWo=.jpg,,https://www.allmusic.com/album/uforb-mw0000090235
175,Millions Now Living Will Never Die,,https://fastly-s3.allmusic.com/release/mr0000367244/front/220/iaFnfbC6tVZHAD4N5igSoh_TZlp6n_cq-Emr2zx15tU=.jpg,,https://www.allmusic.com/album/millions-now-living-will-never-die-mw0000183285
176,Night Beat,,https://fastly-s3.allmusic.com/release/mr0000828247/front/220/gYGzsJN43yVKMBR4hUOqaA4Q1ghY8VaPylnm7PwcKNY=.jpg,,https://www.allmusic.com/album/night-beat-mw0000644615
177,The Ennio Morricone Anthology: A Fistful of Film Music,,https://fastly-s3.allmusic.com/release/mr0001172760/front/220/4t5xnmRI4u6pCId6BMKtq5hUoDg0hsvx4F4sL4oO-nA=.jpg,,https://www.allmusic.com/album/the-ennio-morricone-anthology-a-fistful-of-film-music-mw0000177710
178,Odessey and Oracle,,https://fastly-s3.allmusic.com/release/mr0000928588/front/220/uC_NLYAHHZb6-iIMtE2sUt_M69_UI9rrJSVvWL2-yAg=.jpg,,https://www.allmusic.com/album/odessey-and-oracle-mw0000192449
179,Another Green World,,https://fastly-s3.allmusic.com/release/mr0001049999/front/220/sc_tYux1tc9LQoJBn5UbPj6KsMttLlyBmmVTZ6_CLs0=.jpg,,https://www.allmusic.com/album/another-green-world-mw0000650120
180,Ambient 1: Music for Airports,,https://fastly-s3.allmusic.com/release/mr0002720161/front/220/l8ZgxEIXheCmCavw-LM8AJhUoDg0hsvx4F4sL4oO-nA=.jpg,,https://www.allmusic.com/album/ambient-1-music-for-airports-mw0000193717
182,Land of Kinks: The Jamaican Upsetter Singles 1970,,https://fastly-s3.allmusic.com/release/mr0006574529/front/220/X8MfdJSHsWOICSq_YJOBvVWnbEN5fCjifro6xhIBuB4=.jpg,,https://www.allmusic.com/album/land-of-kinks-the-jamaican-upsetter-singles-1970-mw0004434031
185,The Bad Fire,,https://fastly-s3.allmusic.com/release/mr0006543932/front/220/0s2XVJs5qP7ergd7KovjlRyhM-OFI8zG4l-qVpXXB1I=.jpg,,https://www.allmusic.com/album/the-bad-fire-mw0004408155
190,Way to Blue: An Introduction to Nick Drake,,https://fastly-s3.allmusic.com/release/mr0001423420/front/220/rf-jeuAQJb6z6dzJvI6Ot1WnbEN5fCjifro6xhIBuB4=.jpg,,https://www.allmusic.com/album/way-to-blue-an-introduction-to-nick-drake-mw0000122578
192,Heroes of the Blues: The Very Best of Son House,,https://fastly-s3.allmusic.com/release/mr0000315128/front/220/AyB4nbUocGjVoDmC5iSwxRyhM-OFI8zG4l-qVpXXB1I=.jpg,,https://www.allmusic.com/album/heroes-of-the-blues-the-very-best-of-son-house-mw0000692870
193,Autobahn,,https://fastly-s3.allmusic.com/release/mr0001366256/front/220/THNRB8stU4IQLMNIYR0gMz6KsMttLlyBmmVTZ6_CLs0=.jpg,,https://www.allmusic.com/album/autobahn-mw0000195085
197,Temporary,,https://fastly-s3.allmusic.com/release/mr0006560186/front/220/W2sEYGB02iGLbAGtdpbSqh_TZlp6n_cq-Emr2zx15tU=.jpg,,https://www.allmusic.com/album/temporary-mw0004421719
198,Five Leaves Left,,https://fastly-s3.allmusic.com/release/mr0001250421/front/220/pD2H_auRnFDcyhx-zFO0IxyhM-OFI8zG4l-qVpXXB1I=.jpg,,https://www.allmusic.com/album/five-leaves-left-mw0000189840
199,Harvest,,https://fastly-s3.allmusic.com/release/mr0001070162/front/220/tBCRPVQie3TTNzzLUfqiGCpQg_7iAU1wjqLgK_xGXts=.jpg,,https://www.allmusic.com/album/harvest-mw0000192539
200,Rubber Soul,,https://fastly-s3.allmusic.com/release/mr0001030692/front/220/rlaU3HgXyXMgdF5adkjyrlWnbEN5fCjifro6xhIBuB4=.jpg,,https://www.allmusic.com/album/rubber-soul-mw0000192940
201,Song for My Father,,https://fastly-s3.allmusic.com/release/mr0001294470/front/220/we_ceJWn3TbGZpPlaSXJhJhUoDg0hsvx4F4sL4oO-nA=.jpg,,https://www.allmusic.com/album/song-for-my-father-mw0000241423
202,Dummy,,https://fastly-s3.allmusic.com/release/mr0000155530/front/220/hcpnNl6QucCAOmXmgdyCshyhM-OFI8zG4l-qVpXXB1I=.jpg,,https://www.allmusic.com/album/dummy-mw0000626613
203,Shoot Out the Lights,,https://fastly-s3.allmusic.com/release/mr0001095742/front/220/3PwWZT63scuyAfaok223ZSpQg_7iAU1wjqLgK_xGXts=.jpg,,https://www.allmusic.com/album/shoot-out-the-lights-mw0000650886
204,Buffalo Springfield Again,,https://fastly-s3.allmusic.com/release/mr0000288749/front/220/a2Gddtgvdvtd0X7E5tiKe9_M69_UI9rrJSVvWL2-yAg=.jpg,,https://www.allmusic.com/album/buffalo-springfield-again-mw0000198017
205,Tumbleweed Connection,,https://fastly-s3.allmusic.com/release/mr0000826802/front/220/aMcEWCP7I8C5_R92gj0sfVWnbEN5fCjifro6xhIBuB4=.jpg,,https://www.allmusic.com/album/tumbleweed-connection-mw0000650322
207,Oceanside Countryside,,https://fastly-s3.allmusic.com/release/mr0006595083/front/220/CO_oaKEPAQAe8UrkRaT6KN_M69_UI9rrJSVvWL2-yAg=.jpg,,https://www.allmusic.com/album/oceanside-countryside-mw0004451024
210,Life Is...Too $hort,,https://fastly-s3.allmusic.com/release/mr0000293141/front/220/ok4SBzON_5gCokGoBDDa3YAf7E_1E-2MlBBPmPAXRBU=.jpg,,https://www.allmusic.com/album/life-istoo-hort-mw0000266727
211,Hybrid Theory,,https://fastly-s3.allmusic.com/release/mr0000842397/front/220/OZ-eIX65dMTeA2KWNXk3_N_M69_UI9rrJSVvWL2-yAg=.jpg,,https://www.allmusic.com/album/hybrid-theory-mw0000102770
212,Liquid Swords,,https://fastly-s3.allmusic.com/release/mr0003697247/front/220/yOMye_4WX2Qja1CzG4uSg4Af7E_1E-2MlBBPmPAXRBU=.jpg,,https://www.allmusic.com/album/liquid-swords-mw0000174287
213,Hilarious,,https://fastly-s3.allmusic.com/release/mr0003242881/front/220/9pFRfNHXjfrYLrR7f-nPpA4Q1ghY8VaPylnm7PwcKNY=.jpg,,https://www.allmusic.com/album/hilarious-mw0002080430
214,Best of 50 Cent,,https://fastly-s3.allmusic.com/release/mr0004682440/front/220/WGZo7HGfPpH1zpypgABe2t_M69_UI9rrJSVvWL2-yAg=.jpg,,https://www.allmusic.com/album/best-of-50-cent-mw0003025486
215,Lyte as a Rock,,https://fastly-s3.allmusic.com/release/mr0000827395/front/220/KlJ05l5TPHqLGurLRKWu-YAf7E_1E-2MlBBPmPAXRBU=.jpg,,https://www.allmusic.com/album/lyte-as-a-rock-mw0000652494
216,Go for Your Guns,,https://fastly-s3.allmusic.com/release/mr0004582649/front/220/wsjVnimbxQ_BklPVAgTxRR_TZlp6n_cq-Emr2zx15tU=.jpg,,https://www.allmusic.com/album/go-for-your-guns-mw0000653379
219,Tsunami Sea,,https://fastly-s3.allmusic.com/release/mr0006553710/front/220/zYA9Ym6dDtdhBS2oyVqARQSijaXJlYnq0St31qpAJWo=.jpg,,https://www.allmusic.com/album/tsunami-sea-mw0004416322
220,"Big Ole Album, Vol. 1",,https://fastly-s3.allmusic.com/release/mr0006627287/front/220/USezgzUbwamoqrmZpuUUwR_TZlp6n_cq-Emr2zx15tU=.jpg,,https://www.allmusic.com/album/big-ole-album-vol-1-mw0004476309
221,You'll Sing a Song and I'll Sing a Song,,https://fastly-s3.allmusic.com/release/mr0000094746/front/220/KgTZYhwnCK2I0rLNyxxzl5hUoDg0hsvx4F4sL4oO-nA=.jpg,,https://www.allmusic.com/album/youll-sing-a-song-and-ill-sing-a-song-mw0000202492
222,Music for 18 Musicians [Nonesuch 1998],,https://fastly-s3.allmusic.com/release/mr0002003456/front/220/ML54jIEiGOzIGfuWRVWZtB_TZlp6n_cq-Emr2zx15tU=.jpg,,https://www.allmusic.com/album/music-for-18-musicians-nonesuch-1998--mw0000912177
223,At San Quentin/At Folsom Prison,,https://fastly-s3.allmusic.com/release/mr0001794227/front/220/ko03a3dBZ41GgzKeg_NBBh_TZlp6n_cq-Emr2zx15tU=.jpg,,https://www.allmusic.com/album/at-san-quentin-at-folsom-prison-mw0001374611
224,Beethoven: Fidelio,,https://fastly-s3.allmusic.com/release/mr0002142025/front/220/urW36W9Wswviejekukr1-j6KsMttLlyBmmVTZ6_CLs0=.jpg,,https://www.allmusic.com/album/beethoven-fidelio-mw0001422048
226,"This-A-Way, That-A-Way",,https://fastly-s3.allmusic.com/release/mr0000094399/front/220/JaLFSTbzVVVewJs77atEJj6KsMttLlyBmmVTZ6_CLs0=.jpg,,https://www.allmusic.com/album/this-a-way-that-a-way-mw0000202261
229,John Field: Complete Nocturnes,,https://fastly-s3.allmusic.com/release/mr0006567705/front/220/QV7OxBIlWoSvEZ1rIgLcXT6KsMttLlyBmmVTZ6_CLs0=.jpg,,https://www.allmusic.com/album/john-field-complete-nocturnes-mw0004428108
231,Italophilia: Discovering the Italian Style in Handel's London,,https://fastly-s3.allmusic.com/release/mr0006535559/front/220/g5D8i3K5EpSRRxuy2uYNxxyhM-OFI8zG4l-qVpXXB1I=.jpg,,https://www.allmusic.com/album/italophilia-discovering-the-italian-style-in-handels-london-mw0004401311
240,Liberation: The Island Anthology,,https://fastly-s3.allmusic.com/release/mr0001292003/front/220/TcJyXsdML8QoR8oIQVVSlh_TZlp6n_cq-Emr2zx15tU=.jpg,,https://www.allmusic.com/album/liberation-the-island-anthology-mw0000101975
243,Dirty Talk,,https://fastly-s3.allmusic.com/release/mr0006604547/front/220/UrIzO1umhhuJAJ9t6SAuSIAf7E_1E-2MlBBPmPAXRBU=.jpg,,https://www.allmusic.com/album/dirty-talk-mw0004458561
245,John Coltrane and Johnny Hartman,,https://fastly-s3.allmusic.com/release/mr0000275833/front/220/5pru3z1z9CiQI0Hl7qA4_d_M69_UI9rrJSVvWL2-yAg=.jpg,,https://www.allmusic.com/album/john-coltrane-and-johnny-hartman-mw0000263500
246,Blue,,https://fastly-s3.allmusic.com/release/mr0000433169/front/220/8d-hih8l8Uv8-8-UVSj9VT6KsMttLlyBmmVTZ6_CLs0=.jpg,,https://www.allmusic.com/album/blue-mw0000193531
247,No More Sad Refrains: The Anthology,,https://fastly-s3.allmusic.com/release/mr0000018251/front/220/C4Is-1P2FwHbvP1yBvTuUQ4Q1ghY8VaPylnm7PwcKNY=.jpg,,https://www.allmusic.com/album/no-more-sad-refrains-the-anthology-mw0000084609
248,The Many Sides of Fred Neil,,https://fastly-s3.allmusic.com/release/mr0001293578/front/220/vt1HUbNgNar82ZMA_JS9pZhUoDg0hsvx4F4sL4oO-nA=.jpg,,https://www.allmusic.com/album/the-many-sides-of-fred-neil-mw0000043103
249,When I Stop Dreaming: The Best of the Louvin Brothers,,https://fastly-s3.allmusic.com/release/mr0000349682/front/220/O5Nm4ptWXx0sA8j6dBLLJB_TZlp6n_cq-Emr2zx15tU=.jpg,,https://www.allmusic.com/album/when-i-stop-dreaming-the-best-of-the-louvin-brothers-mw0000628003
251,"Oh, Inverted World",,https://fastly-s3.allmusic.com/release/mr0000907637/front/220/KJC9heyHq-RznK8xPinPlT6KsMttLlyBmmVTZ6_CLs0=.jpg,,https://www.allmusic.com/album/oh-inverted-world-mw0000006028
252,G.P./Grievous Angel,,https://fastly-s3.allmusic.com/release/mr0001063720/front/220/Z4_oChG66FyH-COr9wF15gSijaXJlYnq0St31qpAJWo=.jpg,,https://www.allmusic.com/album/gp-grievous-angel-mw0000202723
254,Looking for the Thread,,https://fastly-s3.allmusic.com/release/mr0006560134/front/220/7_6ofr3bBXSjTXjwKpKEXIAf7E_1E-2MlBBPmPAXRBU=.jpg,,https://www.allmusic.com/album/looking-for-the-thread-mw0004421693
258,Steppin' on the Blues,,https://fastly-s3.allmusic.com/release/mr0001391425/front/220/DRo5SGDhkVabVb22pDErQg4Q1ghY8VaPylnm7PwcKNY=.jpg,,https://www.allmusic.com/album/steppin-on-the-blues-mw0000690234
259,Paranoid,,https://fastly-s3.allmusic.com/release/mr0004579861/front/220/z6RNVsKc_Z-wqRUlRB1taQSijaXJlYnq0St31qpAJWo=.jpg,,https://www.allmusic.com/album/paranoid-mw0000600570
266,So Close to What,,https://fastly-s3.allmusic.com/release/mr0006553752/front/220/aarkruo5Obz9egM7AwyO8SpQg_7iAU1wjqLgK_xGXts=.jpg,,https://www.allmusic.com/album/so-close-to-what-mw0004416349
271,The Sky Is Crying: The History of Elmore James,,https://fastly-s3.allmusic.com/release/mr0001877109/front/220/mHjC7ffDY-pcu-ygR7HD11WnbEN5fCjifro6xhIBuB4=.jpg,,https://www.allmusic.com/album/the-sky-is-crying-the-history-of-elmore-james-mw0000601907
273,Aerosmith's Greatest Hits,,https://fastly-s3.allmusic.com/release/mr0000825454/front/220/ImmWQY2UGbW5maNghKlWVgSijaXJlYnq0St31qpAJWo=.jpg,,https://www.allmusic.com/album/aerosmiths-greatest-hits-mw0000188903
275,Hallelujah: A Collection of His Finest Recordings,,https://fastly-s3.allmusic.com/release/mr0000117051/front/220/OeUKHwjpmEfflvOxd6Blcx_TZlp6n_cq-Emr2zx15tU=.jpg,,https://www.allmusic.com/album/hallelujah-a-collection-of-his-finest-recordings-mw0000244560
276,Greatest Hits [RCA],,https://fastly-s3.allmusic.com/release/mr0000117649/front/220/AZbn82ev_KQKva9FyGRQgt_M69_UI9rrJSVvWL2-yAg=.jpg,,https://www.allmusic.com/album/greatest-hits-rca--mw0000244575
281,Bruckner: Symphony No. 4 [1973 Recording],,https://fastly-s3.allmusic.com/release/mr0002661408/front/220/4qR2q_bFuKm6TkKtI6-WwByhM-OFI8zG4l-qVpXXB1I=.jpg,,https://www.allmusic.com/album/bruckner-symphony-no-4-1973-recording--mw0001833221
282,Reasonable Doubt,,https://fastly-s3.allmusic.com/release/mr0000770689/front/220/7uFYk0EEtGTZsAxEnDTvKB_TZlp6n_cq-Emr2zx15tU=.jpg,,https://www.allmusic.com/album/reasonable-doubt-mw0000181538
284,Yeezus,,https://fastly-s3.allmusic.com/release/mr0003981300/front/220/88REq_5TFeljPbtMGRPx7QSijaXJlYnq0St31qpAJWo=.jpg,,https://www.allmusic.com/album/yeezus-mw0002554883
286,That's the Way It Is,,https://fastly-s3.allmusic.com/release/mr0000105423/front/220/m3gy6wBzQ2JKhdcybWTn2QSijaXJlYnq0St31qpAJWo=.jpg,,https://www.allmusic.com/album/thats-the-way-it-is-mw0000674306
287,Superman: The Movie [Original Soundtrack],,https://fastly-s3.allmusic.com/release/mr0002744214/front/220/0CchM36nPy_JukOOWQgLVSpQg_7iAU1wjqLgK_xGXts=.jpg,,https://www.allmusic.com/album/superman-the-movie-original-soundtrack--mw0000199528
291,"Ruth Gipps: Orchestral Works, Vol. 3",,https://fastly-s3.allmusic.com/release/mr0006535419/front/220/G7fHnJNCuD2WBP72DKLMAN_M69_UI9rrJSVvWL2-yAg=.jpg,,https://www.allmusic.com/album/ruth-gipps-orchestral-works-vol-3-mw0004401178
292,Dead Channel Sky,,https://fastly-s3.allmusic.com/release/mr0006601934/front/220/WNDpH1dhpDZsi5p0cG56BVWnbEN5fCjifro6xhIBuB4=.jpg,,https://www.allmusic.com/album/dead-channel-sky-mw0004456433
293,Otis Spann Is the Blues,,https://fastly-s3.allmusic.com/release/mr0005590155/front/220/p6YLr3tG-X_vvEcL3urXVphUoDg0hsvx4F4sL4oO-nA=.jpg,,https://www.allmusic.com/album/otis-spann-is-the-blues-mw0000651717
295,E-MO-TION,,https://fastly-s3.allmusic.com/release/mr0004429233/front/220/5G9SP0RvBu6qPrC-lPsYjlWnbEN5fCjifro6xhIBuB4=.jpg,,https://www.allmusic.com/album/e-mo-tion-mw0002856305
296,Rebel Diamonds,,https://fastly-s3.allmusic.com/release/mr0006201987/front/220/TGfDToVONFTRYXFKN2XFlwSijaXJlYnq0St31qpAJWo=.jpg,,https://www.allmusic.com/album/rebel-diamonds-mw0004138328
297,GNX,,https://fastly-s3.allmusic.com/release/mr0006564150/front/220/yiPGO1DrVrgEKXubnxnFGd_M69_UI9rrJSVvWL2-yAg=.jpg,,https://www.allmusic.com/album/gnx-mw0004419197
298,Ocean Bridges,,https://fastly-s3.allmusic.com/release/mr0005209680/front/220/H-qcpX3EoqSSh_GJzPCSZD6KsMttLlyBmmVTZ6_CLs0=.jpg,,https://www.allmusic.com/album/ocean-bridges-mw0003380380
299,The Jimmie Vaughan Story,,https://fastly-s3.allmusic.com/release/mr0005467481/front/220/_goDPr7NVCJFrx7daOFwbj6KsMttLlyBmmVTZ6_CLs0=.jpg,,https://www.allmusic.com/album/the-jimmie-vaughan-story-mw0003570088
300,Getz at the Gate,,https://fastly-s3.allmusic.com/release/mr0005053710/front/220/oFmfIqcYPCOK-As4zuHxjg4Q1ghY8VaPylnm7PwcKNY=.jpg,,https://www.allmusic.com/album/getz-at-the-gate-mw0003276136
301,"Tune In, Turn On, Drop Out: The Television Personalities Radio Sessions 1980-1993",,https://fastly-s3.allmusic.com/release/mr0006554182/front/220/hWXRzrkeQS24KF80L31qUVWnbEN5fCjifro6xhIBuB4=.jpg,,https://www.allmusic.com/album/tune-in-turn-on-drop-out-the-television-personalities-radio-sessions-1980-1993-mw0004416732
302,Wynton Marsalis: Blues Symphony,,https://fastly-s3.allmusic.com/release/mr0006553814/front/220/uRDUj6RQmXI4UmuLxJWDPIAf7E_1E-2MlBBPmPAXRBU=.jpg,,https://www.allmusic.com/album/wynton-marsalis-blues-symphony-mw0004416394
304,Ebo Taylor Jazz is Dead 022,,https://fastly-s3.allmusic.com/release/mr0006488664/front/220/wjNLTfrHh6HWPv8oGZTkmZhUoDg0hsvx4F4sL4oO-nA=.jpg,,https://www.allmusic.com/album/ebo-taylor-jazz-is-dead-022-mw0004372922
308,Abraxas,,https://fastly-s3.allmusic.com/release/mr0001285277/front/220/k1AWoTkI2tNZRW6e47DyZ5hUoDg0hsvx4F4sL4oO-nA=.jpg,,https://www.allmusic.com/album/abraxas-mw0000191745
317,The Essential Dolly Parton,,https://fastly-s3.allmusic.com/release/mr0000428870/front/220/HoGCNl0bcDuhFov-cTzeJIAf7E_1E-2MlBBPmPAXRBU=.jpg,,https://www.allmusic.com/album/the-essential-dolly-parton-mw0000030908
318,The Best of Parliament: Give Up the Funk,,https://fastly-s3.allmusic.com/release/mr0000356011/front/220/QDuLfftl3t8MegC0tE0u6RyhM-OFI8zG4l-qVpXXB1I=.jpg,,https://www.allmusic.com/album/the-best-of-parliament-give-up-the-funk-mw0000172739
319,Blackstone Legacy,,https://fastly-s3.allmusic.com/release/mr0000769728/front/220/RzyXCQ8z4bA3ZWfMVwT08gSijaXJlYnq0St31qpAJWo=.jpg,,https://www.allmusic.com/album/blackstone-legacy-mw0000244299
320,20 Years of Hits,,https://fastly-s3.allmusic.com/release/mr0000356587/front/220/SMwX6Yrs-0Lp9_SfsBa6VIAf7E_1E-2MlBBPmPAXRBU=.jpg,,https://www.allmusic.com/album/20-years-of-hits-mw0000192526
321,Chicago IX: Chicago's Greatest Hits,,https://fastly-s3.allmusic.com/release/mr0000825919/front/220/YJWj4jwZo2vIzgLiElblcQSijaXJlYnq0St31qpAJWo=.jpg,,https://www.allmusic.com/album/chicago-ix-chicagos-greatest-hits-mw0000189480
322,A Total Embrace: The Conductor,,https://fastly-s3.allmusic.com/release/mr0001597448/front/220/_jwfXnk4WnOcNblNA13fuD6KsMttLlyBmmVTZ6_CLs0=.jpg,,https://www.allmusic.com/album/a-total-embrace-the-conductor-mw0000632100
323,A New Perspective,,https://fastly-s3.allmusic.com/release/mr0000649022/front/220/NmFddwsMjBPrFKvZqJd85YAf7E_1E-2MlBBPmPAXRBU=.jpg,,https://www.allmusic.com/album/a-new-perspective-mw0000668084
324,Straight Life,,https://fastly-s3.allmusic.com/release/mr0000080103/front/220/8ulRW7Fu8q2QY-Xe4NyOkZhUoDg0hsvx4F4sL4oO-nA=.jpg,,https://www.allmusic.com/album/straight-life-mw0000027166
329,"The Very Best of Otis Redding, Vol. 1",,https://fastly-s3.allmusic.com/release/mr0000779433/front/220/R_yszBdxDMlOWeJqOLR4-Q4Q1ghY8VaPylnm7PwcKNY=.jpg,,https://www.allmusic.com/album/the-very-best-of-otis-redding-vol-1-mw0000616728
330,The Essential Electric Light Orchestra,,https://fastly-s3.allmusic.com/release/mr0001138989/front/220/FiY82T-iLblrMZL_qPmAJByhM-OFI8zG4l-qVpXXB1I=.jpg,,https://www.allmusic.com/album/the-essential-electric-light-orchestra-mw0000593905
336,At Carnegie Hall,,https://fastly-s3.allmusic.com/release/mr0001003004/front/220/wsnapUc9z1bV6UQZyKnIlt_M69_UI9rrJSVvWL2-yAg=.jpg,,https://www.allmusic.com/album/at-carnegie-hall-mw0000798205
339,The High Road,,https://fastly-s3.allmusic.com/release/mr0006530677/front/220/r0IhZeJImRbK6bbET4UTMN_M69_UI9rrJSVvWL2-yAg=.jpg,,https://www.allmusic.com/album/the-high-road-mw0004397808
343,Dino: The Essential Dean Martin,,https://fastly-s3.allmusic.com/release/mr0000574253/front/220/l8qyqqfM1Y4TWzPWL3yTERyhM-OFI8zG4l-qVpXXB1I=.jpg,,https://www.allmusic.com/album/dino-the-essential-dean-martin-mw0000709877
345,Gerry Mulligan Meets Ben Webster,,https://fastly-s3.allmusic.com/release/mr0000096207/front/220/lDiIPoCOiXfcXIxo5zfRjA4Q1ghY8VaPylnm7PwcKNY=.jpg,,https://www.allmusic.com/album/gerry-mulligan-meets-ben-webster-mw0000596081
346,The Very Best of Daryl Hall & John Oates,,https://fastly-s3.allmusic.com/release/mr0000338319/front/220/kpsjLuMcwB3oC0GGrYD27d_M69_UI9rrJSVvWL2-yAg=.jpg,,https://www.allmusic.com/album/the-very-best-of-daryl-hall-john-oates-mw0000623353
348,The Incredible Jazz Guitar of Wes Montgomery,,https://fastly-s3.allmusic.com/release/mr0002749013/front/220/9LYS9XZCq_7aHV5QCwwtbZhUoDg0hsvx4F4sL4oO-nA=.jpg,,https://www.allmusic.com/album/the-incredible-jazz-guitar-of-wes-montgomery-mw0000188442
352,Heaven on My Mind,,https://fastly-s3.allmusic.com/release/mr0006604591/front/220/D3-NFQqxxcG42Z9MECYrRlWnbEN5fCjifro6xhIBuB4=.jpg,,https://www.allmusic.com/album/heaven-on-my-mind-mw0004458587
353,"This Land Is Your Land: The Asch Recordings, Vol. 1",,https://fastly-s3.allmusic.com/release/mr0001679227/front/220/eRl8E7WPYNlGKouuHazqOD6KsMttLlyBmmVTZ6_CLs0=.jpg,,https://www.allmusic.com/album/this-land-is-your-land-the-asch-recordings-vol-1-mw0000619229
355,Walk Don't Run: The Best of the Ventures,,https://fastly-s3.allmusic.com/release/mr0000097841/front/220/ycKjCZbYwU4o58X5C6KVig4Q1ghY8VaPylnm7PwcKNY=.jpg,,https://www.allmusic.com/album/walk-dont-run-the-best-of-the-ventures-mw0000655034
357,Unit Structures,,https://fastly-s3.allmusic.com/release/mr0001214845/front/220/h4vSZUcHU8RPNTMExJ_PVFWnbEN5fCjifro6xhIBuB4=.jpg,,https://www.allmusic.com/album/unit-structures-mw0000193906
359,The Best of Elvis Costello: The First 10 Years,,https://fastly-s3.allmusic.com/release/mr0000590891/front/220/eglZNT_Tp_0cPt4Op35asx_TZlp6n_cq-Emr2zx15tU=.jpg,,https://www.allmusic.com/album/the-best-of-elvis-costello-the-first-10-years-mw0000482464
360,The Shape of Jazz to Come,,https://fastly-s3.allmusic.com/release/mr0001452697/front/220/HnrQ6FvURtpIicdVuh9e9ipQg_7iAU1wjqLgK_xGXts=.jpg,,https://www.allmusic.com/album/the-shape-of-jazz-to-come-mw0000187968
362,Light & Magic,,https://fastly-s3.allmusic.com/release/mr0000864080/front/220/taEKPwSvVFVwAIMew_4V9SpQg_7iAU1wjqLgK_xGXts=.jpg,,https://www.allmusic.com/album/light-magic-mw0000229172
363,The Human Fear,,https://fastly-s3.allmusic.com/release/mr0006490738/front/220/dFEVCHIG44MdhaMZ3xjPUphUoDg0hsvx4F4sL4oO-nA=.jpg,,https://www.allmusic.com/album/the-human-fear-mw0004374644
369,Hag: The Best of Merle Haggard,,https://fastly-s3.allmusic.com/release/mr0001062673/front/220/9CferBRimoDlK7sjWMMq_QSijaXJlYnq0St31qpAJWo=.jpg,,https://www.allmusic.com/album/hag-the-best-of-merle-haggard-mw0000571898
379,Waltz for Debby [1962],,https://fastly-s3.allmusic.com/release/mr0001633049/front/220/7i0hbKymFh-rpz1bcWsgaoAf7E_1E-2MlBBPmPAXRBU=.jpg,,https://www.allmusic.com/album/waltz-for-debby-1962--mw0000224501
380,Clube Da Esquina,,https://fastly-s3.allmusic.com/release/mr0000345803/front/220/MSZs1Nh3PJYG0Ken1jC_a9_M69_UI9rrJSVvWL2-yAg=.jpg,,https://www.allmusic.com/album/clube-da-esquina-mw0000627685
381,Greatest Hits 1986-2004,,https://fastly-s3.allmusic.com/release/mr0001892588/front/220/7-BPR0VGjd4gRg0u5qZqad_M69_UI9rrJSVvWL2-yAg=.jpg,,https://www.allmusic.com/album/greatest-hits-1986-2004-mw0000633481
382,The Essential Jim Reeves [RCA Nashville/Legacy],,https://fastly-s3.allmusic.com/release/mr0000649010/front/220/wp3Y51TK7i_ux3_FgJRENVWnbEN5fCjifro6xhIBuB4=.jpg,,https://www.allmusic.com/album/the-essential-jim-reeves-rca-nashville-legacy--mw0000526662
391,Unhalfbricking,,https://fastly-s3.allmusic.com/release/mr0000729484/front/220/bbTYOnZJKSI-D7q_4opqCipQg_7iAU1wjqLgK_xGXts=.jpg,,https://www.allmusic.com/album/unhalfbricking-mw0000650131
392,The Darlings of Wapping Wharf Launderette,,https://fastly-s3.allmusic.com/release/mr0000428014/front/220/gx1e5LTkXJlAm98zT5eOwZhUoDg0hsvx4F4sL4oO-nA=.jpg,,https://www.allmusic.com/album/the-darlings-of-wapping-wharf-launderette-mw0000609724
393,Exotica: The Best of Martin Denny,,https://fastly-s3.allmusic.com/release/mr0000108202/front/220/1t6s8WORtLIrEJd9bxbOBFWnbEN5fCjifro6xhIBuB4=.jpg,,https://www.allmusic.com/album/exotica-the-best-of-martin-denny-mw0000690572
394,The Rise and Fall of Ziggy Stardust and the Spiders From Mars,,https://fastly-s3.allmusic.com/release/mr0003625163/front/220/owQ9LYVIYEh26CfrLFuM5A4Q1ghY8VaPylnm7PwcKNY=.jpg,,https://www.allmusic.com/album/the-rise-and-fall-of-ziggy-stardust-and-the-spiders-from-mars-mw0000626129
395,Play,,https://fastly-s3.allmusic.com/release/mr0000106092/front/220/hiQlT7RZdns8keyhFaFXuxyhM-OFI8zG4l-qVpXXB1I=.jpg,,https://www.allmusic.com/album/play-mw0000243891
396,The Best of Louis Jordan,,https://fastly-s3.allmusic.com/release/mr0000095823/front/220/m684s8rFs_4H0B0-LxH3BJhUoDg0hsvx4F4sL4oO-nA=.jpg,,https://www.allmusic.com/album/the-best-of-louis-jordan-mw0000200578
397,Uncharted Passages,,https://fastly-s3.allmusic.com/release/mr0006606031/front/220/WNDpH1dhpDZsi5p0cG56Bd_M69_UI9rrJSVvWL2-yAg=.jpg,,https://www.allmusic.com/album/uncharted-passages-mw0004459658
398,The Music of Tori and the Muses,,https://fastly-s3.allmusic.com/release/mr0006635818/front/220/rl_FX-NQ0pVucUsoVANhbx_TZlp6n_cq-Emr2zx15tU=.jpg,,https://www.allmusic.com/album/the-music-of-tori-and-the-muses-mw0004482944
400,Joe Hisaishi: A Symphonic Celebration - Music of the Studio Ghibli Films of Hayao Miyazaki,,https://fastly-s3.allmusic.com/release/mr0005989152/front/220/SuN5q0HyBigJMRzllp35RYAf7E_1E-2MlBBPmPAXRBU=.jpg,,https://www.allmusic.com/album/joe-hisaishi-a-symphonic-celebration-music-of-the-studio-ghibli-films-of-hayao-miyazaki-mw0003968047
401,"Gershwin: Rhapsody in Blue; Concerto in F; Variations on ""I Got Rhythm""",,https://fastly-s3.allmusic.com/release/mr0004558342/front/220/DaBPfsjevQBlxxMZaNmSKphUoDg0hsvx4F4sL4oO-nA=.jpg,,https://www.allmusic.com/album/gershwin-rhapsody-in-blue-concerto-in-f-variations-on-i-got-rhythm-mw0002942486
402,Star Wars: Episode IV - A New Hope [Original Motion Picture Soundtrack],,https://fastly-s3.allmusic.com/release/mr0002567523/front/220/pqu-WPhvmF6e5B7p-O0bgN_M69_UI9rrJSVvWL2-yAg=.jpg,,https://www.allmusic.com/album/star-wars-episode-iv-a-new-hope-original-motion-picture-soundtrack--mw0000881353
403,Leoncavallo: Zingari,,https://fastly-s3.allmusic.com/release/mr0005691648/front/220/VqAJ9sczpJDQKLkmyBP1kASijaXJlYnq0St31qpAJWo=.jpg,,https://www.allmusic.com/album/leoncavallo-zingari-mw0003734111
404,Mozart: The Complete Piano Concertos,,https://fastly-s3.allmusic.com/release/mr0004583774/front/220/vnGCSJUGmyRTSmJy-X6w1IAf7E_1E-2MlBBPmPAXRBU=.jpg,,https://www.allmusic.com/album/mozart-the-complete-piano-concertos-mw0001372944
405,Mahler: Symphony No. 7,,https://fastly-s3.allmusic.com/release/mr0002712009/front/220/f8_9pp44T118MbqD0GOPjipQg_7iAU1wjqLgK_xGXts=.jpg,,https://www.allmusic.com/album/mahler-symphony-no-7-mw0001392149
406,The Moon & Antarctica,,https://fastly-s3.allmusic.com/release/mr0002958006/front/220/eCxCYvNw9PiEi4XhOCfL9ASijaXJlYnq0St31qpAJWo=.jpg,,https://www.allmusic.com/album/the-moon-antarctica-mw0000065059
407,Charles Ives: Complete Symphonies,,https://fastly-s3.allmusic.com/release/mr0005321172/front/220/OwuwyBWImX3Q2QAG1nkhVD6KsMttLlyBmmVTZ6_CLs0=.jpg,,https://www.allmusic.com/album/charles-ives-complete-symphonies-mw0003423899
410,Debussy: Prélude à l'après-midi d'un faune; Sonatas; String Quartet,,https://fastly-s3.allmusic.com/release/mr0006523270/front/220/n2am1kP7pNQ7DS9FwGWXlN_M69_UI9rrJSVvWL2-yAg=.jpg,,https://www.allmusic.com/album/debussy-pr%C3%A9lude-%C3%A0-lapr%C3%A8s-midi-dun-faune-sonatas-string-quartet-mw0004391970
411,Béla Bartók: The Miraculous Mandarin Op. 19; Violin Concerto No. 2,,https://fastly-s3.allmusic.com/release/mr0006572452/front/220/m6Ii2d8_LmQpj-xhZCPO8D6KsMttLlyBmmVTZ6_CLs0=.jpg,,https://www.allmusic.com/album/b%C3%A9la-bart%C3%B3k-the-miraculous-mandarin-op-19-violin-concerto-no-2-mw0004432223
417,Ken Burns Jazz,,https://fastly-s3.allmusic.com/release/mr0000330547/front/220/AZmQPQSUeyIwrzQOR6KQ_oAf7E_1E-2MlBBPmPAXRBU=.jpg,,https://www.allmusic.com/album/ken-burns-jazz-mw0000621145
418,American Beauty,,https://fastly-s3.allmusic.com/release/mr0001070839/front/220/1loVRFTvMkEpCKTSGhx1qQSijaXJlYnq0St31qpAJWo=.jpg,,https://www.allmusic.com/album/american-beauty-mw0000192627
419,16 Most Requested Songs,,https://fastly-s3.allmusic.com/release/mr0001324082/front/220/42xtyKyrKGTU312qx81qJd_M69_UI9rrJSVvWL2-yAg=.jpg,,https://www.allmusic.com/album/16-most-requested-songs-mw0000189589
423,Dvorák: Symphony No. 7; Scherzo capriccioso,,https://fastly-s3.allmusic.com/release/mr0006572448/front/220/FXaeLmi7RCw7-CrndTxx5RyhM-OFI8zG4l-qVpXXB1I=.jpg,,https://www.allmusic.com/album/dvor%C3%A1k-symphony-no-7-scherzo-capriccioso-mw0004432219
424,Steve Goodman,,https://fastly-s3.allmusic.com/release/mr0000138924/front/220/MdsLQKc_uDxtuHfHwUsQjIAf7E_1E-2MlBBPmPAXRBU=.jpg,,https://www.allmusic.com/album/steve-goodman-mw0000101889
425,The Velocity of Love,,https://fastly-s3.allmusic.com/release/mr0000825962/front/220/S1Hj8Io1Kjm2J4gmvmAQ3ipQg_7iAU1wjqLgK_xGXts=.jpg,,https://www.allmusic.com/album/the-velocity-of-love-mw0000193254
426,Mozart: Die Zauberflöte,,https://fastly-s3.allmusic.com/release/mr0002660419/front/220/Yxo6Hx1w4IdFRzKujEoKV9_M69_UI9rrJSVvWL2-yAg=.jpg,,https://www.allmusic.com/album/mozart-die-zauberfl%C3%B6te-mw0001397308
427,Mass,,https://fastly-s3.allmusic.com/release/mr0002851322/front/220/m-MZzQ5ovNWfwFz2iGxkTwSijaXJlYnq0St31qpAJWo=.jpg,,https://www.allmusic.com/album/mass-mw0001354455
428,Prokofiev: Peter and the Wolf; Saint-Saëns: Carnival of the Animals; Bizet: Jeux D'Enfants,,https://fastly-s3.allmusic.com/release/mr0002157420/front/220/UJTH6K37BncZYtA63dEHPx_TZlp6n_cq-Emr2zx15tU=.jpg,,https://www.allmusic.com/album/prokofiev-peter-and-the-wolf-saint-sa%C3%ABns-carnival-of-the-animals-bizet-jeux-denfants-mw0001876793
429,My Beautiful Dark Twisted Fantasy,,https://fastly-s3.allmusic.com/release/mr0003219128/front/220/JrWWOOLczFcdUOCIwzSP1t_M69_UI9rrJSVvWL2-yAg=.jpg,,https://www.allmusic.com/album/my-beautiful-dark-twisted-fantasy-mw0002022752
430,Where There's Smoke There's Cheech & Chong (Anthology),,https://fastly-s3.allmusic.com/release/mr0000296453/front/220/9witkCmfVEMzuWb8Ui-hEZhUoDg0hsvx4F4sL4oO-nA=.jpg,,https://www.allmusic.com/album/where-theres-smoke-theres-cheech-chong-anthology-mw0000215038
431,Affordable Art,,https://fastly-s3.allmusic.com/release/mr0000158933/front/220/DHSPb79xL0lyTHZcKK5giw4Q1ghY8VaPylnm7PwcKNY=.jpg,,https://www.allmusic.com/album/affordable-art-mw0000120146
437,Blues Masters: The Very Best of T-Bone Walker,,https://fastly-s3.allmusic.com/release/mr0001135393/front/220/lqa-6dxLFF5fmGmeIZWULoAf7E_1E-2MlBBPmPAXRBU=.jpg,,https://www.allmusic.com/album/blues-masters-the-very-best-of-t-bone-walker-mw0000067347
456,Universe Room,,https://fastly-s3.allmusic.com/release/mr0006590769/front/220/0Tobnq4a9BW3XMvmpT0xkhyhM-OFI8zG4l-qVpXXB1I=.jpg,,https://www.allmusic.com/album/universe-room-mw0004447483
459,Lush Life: The Music of Billy Strayhorn,,https://fastly-s3.allmusic.com/release/mr0002765955/front/220/qTPDiUJJt5h1fUg4EFEYcg4Q1ghY8VaPylnm7PwcKNY=.jpg,,https://www.allmusic.com/album/lush-life-the-music-of-billy-strayhorn-mw0000678427
465,Maiden Voyage,,https://fastly-s3.allmusic.com/release/mr0000769145/front/220/z1v3xepGz-z2SsF0hbLlyVWnbEN5fCjifro6xhIBuB4=.jpg,,https://www.allmusic.com/album/maiden-voyage-mw0000241413
471,"Sem Lenço, Sem Documento",,https://fastly-s3.allmusic.com/release/mr0003706407/front/220/S0CVfP5QCxtfeYLiE0hqzx_TZlp6n_cq-Emr2zx15tU=.jpg,,https://www.allmusic.com/album/sem-len%C3%A7o-sem-documento-mw0000690517
480,Look Up,,https://fastly-s3.allmusic.com/release/mr0006524953/front/220/h1EVfxhMIhTkQXI1qwSmkipQg_7iAU1wjqLgK_xGXts=.jpg,,https://www.allmusic.com/album/look-up-mw0004393203
482,Mozart: 46 Symphonies,,https://fastly-s3.allmusic.com/release/mr0002709324/front/220/QNLqS6ZJGkTl6H2iT5SDXT6KsMttLlyBmmVTZ6_CLs0=.jpg,,https://www.allmusic.com/album/mozart-46-symphonies-mw0001862724
484,26 Mixes for Cash,,https://fastly-s3.allmusic.com/release/mr0000404643/front/220/L5p4F_dn76Vxi96ao7MSHipQg_7iAU1wjqLgK_xGXts=.jpg,,https://www.allmusic.com/album/26-mixes-for-cash-mw0000024218
485,Mahler: Symphony No. 4,,https://fastly-s3.allmusic.com/release/mr0002726870/front/220/MYX2IZOh1eqc0rpRSo516x_TZlp6n_cq-Emr2zx15tU=.jpg,,https://www.allmusic.com/album/mahler-symphony-no-4-mw0001853428
486,Tchaikovsky: The Nutcracker; Prokofiev: Cinderella,,https://fastly-s3.allmusic.com/release/mr0002731663/front/220/5M86C6xcAmlNE10t7xtotz6KsMttLlyBmmVTZ6_CLs0=.jpg,,https://www.allmusic.com/album/tchaikovsky-the-nutcracker-prokofiev-cinderella-mw0001864424
489,Richard D. James Album,,https://fastly-s3.allmusic.com/release/mr0000064473/front/220/0immWpHW-ttzenbdYL9yNhyhM-OFI8zG4l-qVpXXB1I=.jpg,,https://www.allmusic.com/album/richard-d-james-album-mw0000087254
491,Luminescent Creatures,,https://fastly-s3.allmusic.com/release/mr0006559049/front/220/Rwc4ODEjPJIRFAjASlYmQ9_M69_UI9rrJSVvWL2-yAg=.jpg,,https://www.allmusic.com/album/luminescent-creatures-mw0004402681
492,Shiuan Chang: Earthing,,https://fastly-s3.allmusic.com/release/mr0006550803/front/220/E5avyy7UFehk0R2Vzl_R2wSijaXJlYnq0St31qpAJWo=.jpg,,https://www.allmusic.com/album/shiuan-chang-earthing-mw0004413888
496,"Dreaming...Now, Then: A Retrospective 1982-1997",,https://fastly-s3.allmusic.com/release/mr0000015259/front/220/HXMwHbH-ZbI4yluITq6P7QSijaXJlYnq0St31qpAJWo=.jpg,,https://www.allmusic.com/album/dreamingnow-then-a-retrospective-1982-1997-mw0000047574
497,Buena Vista Social Club,,https://fastly-s3.allmusic.com/release/mr0004595970/front/220/7EZ1hLC1ysdafcAgtuZgMByhM-OFI8zG4l-qVpXXB1I=.jpg,,https://www.allmusic.com/album/buena-vista-social-club-mw0000595469
498,Siroco,,https://fastly-s3.allmusic.com/release/mr0001345785/front/220/rYwJwF7Tx77jPO4PYagmTASijaXJlYnq0St31qpAJWo=.jpg,,https://www.allmusic.com/album/siroco-mw0000187924
499,Time Out,,https://fastly-s3.allmusic.com/release/mr0001187666/front/220/DP8J6OCnyCQK1HQ0-4xWXR_TZlp6n_cq-Emr2zx15tU=.jpg,,https://www.allmusic.com/album/time-out-mw0000187775
500,Monk's Dream,,https://fastly-s3.allmusic.com/release/mr0000491879/front/220/jxG_Sjy_SJiHy_gy9QcaB1WnbEN5fCjifro6xhIBuB4=.jpg,,https://www.allmusic.com/album/monks-dream-mw0000188438
501,It's Only a Love Song,,https://fastly-s3.allmusic.com/release/mr0006541534/front/220/G1oBJzQdna_28tovQjqBBQ4Q1ghY8VaPylnm7PwcKNY=.jpg,,https://www.allmusic.com/album/its-only-a-love-song-mw0004406148
502,Apple Cores,,https://fastly-s3.allmusic.com/release/mr0006571886/front/220/RYO9Arnj8Bvh4tOxMPiKdQSijaXJlYnq0St31qpAJWo=.jpg,,https://www.allmusic.com/album/apple-cores-mw0004431751
503,Breakthrough,,https://fastly-s3.allmusic.com/release/mr0006562789/front/220/EKyM6P8-a7iIoJ2ZfA3UVwSijaXJlYnq0St31qpAJWo=.jpg,,https://www.allmusic.com/album/breakthrough-mw0004423807
506,Tubular Bells,,https://fastly-s3.allmusic.com/release/mr0001415615/front/220/3CBA5PRUD_9I8UbwSJwsHSpQg_7iAU1wjqLgK_xGXts=.jpg,,https://www.allmusic.com/album/tubular-bells-mw0000191174
507,We're Only in It for the Money,,https://fastly-s3.allmusic.com/release/mr0003650406/front/220/EX7K8BIL8OtC9NutywtWFypQg_7iAU1wjqLgK_xGXts=.jpg,,https://www.allmusic.com/album/were-only-in-it-for-the-money-mw0000628302
509,Singles 45's and Under,,https://fastly-s3.allmusic.com/release/mr0000288494/front/220/Nea6dDbkmZ3PpMj9egIRm5hUoDg0hsvx4F4sL4oO-nA=.jpg,,https://www.allmusic.com/album/singles-45s-and-under-mw0000191834
510,"Empty Words, Part III: Live Teatro Lyrico Di Milano, 2 Dec. 1977",,https://fastly-s3.allmusic.com/release/mr0001332898/front/220/eTkJNb-qVAyTuMtn1yg1FypQg_7iAU1wjqLgK_xGXts=.jpg,,https://www.allmusic.com/album/empty-words-part-iii-live-teatro-lyrico-di-milano-2-dec-1977-mw0000709572
511,Supa Dupa Fly,,https://fastly-s3.allmusic.com/release/mr0000085536/front/220/qBUwwaHNcmfBZELrnMNMrg4Q1ghY8VaPylnm7PwcKNY=.jpg,,https://www.allmusic.com/album/supa-dupa-fly-mw0000594733
514,Selected Recordings from Grape,,https://fastly-s3.allmusic.com/release-covers/170/0006/626/0006626141.jpg,,https://www.allmusic.com/album/selected-recordings-from-grape-mw0004475449
515,Gift Songs,,https://fastly-s3.allmusic.com/release/mr0006618181/front/220/x1B1fYFZPjQn5yDRz1atiw4Q1ghY8VaPylnm7PwcKNY=.jpg,,https://www.allmusic.com/album/gift-songs-mw0004469195
516,All Worlds,,https://fastly-s3.allmusic.com/release/mr0006605802/front/220/6ixFWGRjahYIdwhM5zGUbhyhM-OFI8zG4l-qVpXXB1I=.jpg,,https://www.allmusic.com/album/all-worlds-mw0004459481
518,Closer,,https://fastly-s3.allmusic.com/release/mr0001306188/front/220/wOBxJBOdPC3gqGU9HrsVOD6KsMttLlyBmmVTZ6_CLs0=.jpg,,https://www.allmusic.com/album/closer-mw0000198508
520,Homogenic,,https://fastly-s3.allmusic.com/release/mr0000076707/front/220/xIshatQk4lAnwi5VoD_qNR_TZlp6n_cq-Emr2zx15tU=.jpg,,https://www.allmusic.com/album/homogenic-mw0000026812
521,Low,,https://fastly-s3.allmusic.com/release/mr0000121482/front/220/UI4qc2J17vplfPiIVAUXKCpQg_7iAU1wjqLgK_xGXts=.jpg,,https://www.allmusic.com/album/low-mw0000185800
522,The Idiot,,https://fastly-s3.allmusic.com/release/mr0004533011/front/220/BwNi_zuvqoojamTCxcr0Ex_TZlp6n_cq-Emr2zx15tU=.jpg,,https://www.allmusic.com/album/the-idiot-mw0000204192
523,Big Science,,https://fastly-s3.allmusic.com/release/mr0001946750/front/220/q1b-Mg8bRfnWyprZEbwRVoAf7E_1E-2MlBBPmPAXRBU=.jpg,,https://www.allmusic.com/album/big-science-mw0000188955
528,Chelsea Town Hall,,https://fastly-s3.allmusic.com/release/mr0006605823/front/220/WNDpH1dhpDZsi5p0cG56BYAf7E_1E-2MlBBPmPAXRBU=.jpg,,https://www.allmusic.com/album/chelsea-town-hall-mw0004459485
529,"My Son, the Greatest: The Best of Allan Sherman [CD]",,https://fastly-s3.allmusic.com/release/mr0000280753/front/220/FWV2BN5m3ngoJGVB8K8z1gSijaXJlYnq0St31qpAJWo=.jpg,,https://www.allmusic.com/album/my-son-the-greatest-the-best-of-allan-sherman-cd--mw0000199236
532,"My Son, The Nut",,https://fastly-s3.allmusic.com/release/mr0002961061/front/220/mK7x-1hPKXJ_YjO7Od5XS5hUoDg0hsvx4F4sL4oO-nA=.jpg,,https://www.allmusic.com/album/my-son-the-nut-mw0000959043
533,The Third Decade,,https://fastly-s3.allmusic.com/release/mr0000824229/front/220/YQpyvCSsijlVOJTz2qpwHw4Q1ghY8VaPylnm7PwcKNY=.jpg,,https://www.allmusic.com/album/the-third-decade-mw0000187763
534,Saverio Mercadante: I due Figaro,,https://fastly-s3.allmusic.com/release/mr0003942776/front/220/0DFPjTft1GwAXAJSS0kauA4Q1ghY8VaPylnm7PwcKNY=.jpg,,https://www.allmusic.com/album/saverio-mercadante-i-due-figaro-mw0002528451
535,"Beethoven: Symphony No. 3 ""Eroica""; Overtures",,https://fastly-s3.allmusic.com/release/mr0003613223/front/220/GnIIEFSt03QA5gyZhjj-KypQg_7iAU1wjqLgK_xGXts=.jpg,,https://www.allmusic.com/album/beethoven-symphony-no-3-eroica-overtures-mw0002340515
536,Greatest Hit,,https://fastly-s3.allmusic.com/release/mr0000770403/front/220/XPhKWGt6hyRDobX7Bi3UnwSijaXJlYnq0St31qpAJWo=.jpg,,https://www.allmusic.com/album/greatest-hit-mw0000691082
537,Donizetti: L'aio nell'imbarazzo,,https://fastly-s3.allmusic.com/release/mr0006535567/front/220/f7cvB1fhkgKkTR5DAwMGYASijaXJlYnq0St31qpAJWo=.jpg,,https://www.allmusic.com/album/donizetti-laio-nellimbarazzo-mw0004401319
550,Kickin Child: Lost Columbia Album 1965,,https://fastly-s3.allmusic.com/release/mr0004696605/front/220/1QqWz4HACQCRpco94g3powSijaXJlYnq0St31qpAJWo=.jpg,,https://www.allmusic.com/album/kickin-child-lost-columbia-album-1965-mw0003035149
553,Bach: The Two and Three-Part Inventions (Inventions & Sinfonias),,https://fastly-s3.allmusic.com/release/mr0002701708/front/220/vLx66WSbumQjQk-NE1dDfipQg_7iAU1wjqLgK_xGXts=.jpg,,https://www.allmusic.com/album/bach-the-two-and-three-part-inventions-inventions-sinfonias-mw0001376527
554,"A State of Wonder: The Complete Goldberg Variations, 1955 & 1981",,https://fastly-s3.allmusic.com/release/mr0002685410/front/220/7_beuYiZzErWHdVNaZa4ox_TZlp6n_cq-Emr2zx15tU=.jpg,,https://www.allmusic.com/album/a-state-of-wonder-the-complete-goldberg-variations-1955-1981-mw0001833062
556,Polaroids: A Greatest Hits Collection,,https://fastly-s3.allmusic.com/release/mr0000202620/front/220/9F3gjeH-KoiF0sIYRP2v_hyhM-OFI8zG4l-qVpXXB1I=.jpg,,https://www.allmusic.com/album/polaroids-a-greatest-hits-collection-mw0000140552
557,Quiet Please: The New Best of Nick Lowe,,https://fastly-s3.allmusic.com/release/mr0001070063/front/220/SnzaNK8rU1HqBGm-7_M42gSijaXJlYnq0St31qpAJWo=.jpg,,https://www.allmusic.com/album/quiet-please-the-new-best-of-nick-lowe-mw0000809651
560,"Everything Changes, Everything Stays the Same",,https://fastly-s3.allmusic.com/release/mr0006572803/front/220/ejSUjTaciXpZHkzzQ-oUwg4Q1ghY8VaPylnm7PwcKNY=.jpg,,https://www.allmusic.com/album/everything-changes-everything-stays-the-same-mw0004432532
561,Force Majeure,,https://fastly-s3.allmusic.com/release/mr0006516943/front/220/DfxusW_1_e3bOUysAeeG3VWnbEN5fCjifro6xhIBuB4=.jpg,,https://www.allmusic.com/album/force-majeure-mw0004387238
564,Little Earthquakes,,https://fastly-s3.allmusic.com/release/mr0001208053/front/220/BcwqZdM1q2wAQAzQ1l-zwT6KsMttLlyBmmVTZ6_CLs0=.jpg,,https://www.allmusic.com/album/little-earthquakes-mw0000678527
565,The Very Best of Chuck Jackson 1961-1967,,https://fastly-s3.allmusic.com/release/mr0000074836/front/220/2vcMSdksaLJiG_K_m15Pah_TZlp6n_cq-Emr2zx15tU=.jpg,,https://www.allmusic.com/album/the-very-best-of-chuck-jackson-1961-1967-mw0000023294
568,Homecoming: The Live Album,,https://fastly-s3.allmusic.com/release/mr0005049333/front/220/fs3CtYYghXv6Xk17YRGjRxyhM-OFI8zG4l-qVpXXB1I=.jpg,,https://www.allmusic.com/album/homecoming-the-live-album-mw0003273306
569,Memento Mori,,https://fastly-s3.allmusic.com/release/mr0005939233/front/220/tEqTmKPBbdJcyBFduJmw3VWnbEN5fCjifro6xhIBuB4=.jpg,,https://www.allmusic.com/album/memento-mori-mw0003926696
572,Can't Lose My (Soul),,https://fastly-s3.allmusic.com/release/mr0006603288/front/220/R6bKePgdfdOSm2nRQ_Eq29_M69_UI9rrJSVvWL2-yAg=.jpg,,https://www.allmusic.com/album/cant-lose-my-soul-mw0004457510
573,In Space,,https://fastly-s3.allmusic.com/release/mr0006566411/front/220/axbqu5lSzAfwoDRupmuneASijaXJlYnq0St31qpAJWo=.jpg,,https://www.allmusic.com/album/in-space-mw0004426972
593,His Best: The Chess 50th Anniversary Collection,,https://fastly-s3.allmusic.com/release/mr0000067601/front/220/UXcntlJ-1n02roDWtCeXah_TZlp6n_cq-Emr2zx15tU=.jpg,,https://www.allmusic.com/album/his-best-the-chess-50th-anniversary-collection-mw0000019551
598,Mis Planes Son Amarte,,https://fastly-s3.allmusic.com/release/mr0004695590/front/220/CPGIsgk1Xqk1_-XBoJ83wT6KsMttLlyBmmVTZ6_CLs0=.jpg,,https://www.allmusic.com/album/mis-planes-son-amarte-mw0003034220
599,Giuseppe Verdi: La Traviata,,https://fastly-s3.allmusic.com/release/mr0002731178/front/220/Nh8EbfhNNCBmSD_SBnmkrypQg_7iAU1wjqLgK_xGXts=.jpg,,https://www.allmusic.com/album/giuseppe-verdi-la-traviata-mw0001351484
600,Selections 1976-1988,,https://fastly-s3.allmusic.com/release/mr0000079877/front/220/ycZ18KPWY_WTDhLdoIW53D6KsMttLlyBmmVTZ6_CLs0=.jpg,,https://www.allmusic.com/album/selections-1976-1988-mw0000027727
602,Extended Play: Live at Birdland,,https://fastly-s3.allmusic.com/release/mr0003756238/front/220/GWV5O-35fjeRip8r_-jTHYAf7E_1E-2MlBBPmPAXRBU=.jpg,,https://www.allmusic.com/album/extended-play-live-at-birdland-mw0000321836
603,Vibras,,https://fastly-s3.allmusic.com/release/mr0004885351/front/220/otjr4xMrW1-Cx3_t6HNMAYAf7E_1E-2MlBBPmPAXRBU=.jpg,,https://www.allmusic.com/album/vibras-mw0003170387
604,"The Best of Earth, Wind & Fire, Vol. 2",,https://fastly-s3.allmusic.com/release/mr0000831045/front/220/FOA-A1OYNsQkmov0_MfryJhUoDg0hsvx4F4sL4oO-nA=.jpg,,https://www.allmusic.com/album/the-best-of-earth-wind-fire-vol-2-mw0000198109
605,Don't Mess with Mister T.,,https://fastly-s3.allmusic.com/release/mr0001048634/front/220/yhLP1xKCYGtNIE6mtTgwDQSijaXJlYnq0St31qpAJWo=.jpg,,https://www.allmusic.com/album/dont-mess-with-mister-t-mw0000199284
606,Debí Tirar Más Fotos,,https://fastly-s3.allmusic.com/release/mr0006595498/front/220/6j982xYupSN3uwxcXdsNqB_TZlp6n_cq-Emr2zx15tU=.jpg,,https://www.allmusic.com/album/deb%C3%AD-tirar-m%C3%A1s-fotos-mw0004451357
613,...Like Clockwork,,https://fastly-s3.allmusic.com/release/mr0003958187/front/220/xdMlW9wxRs_HhrkVUpyogd_M69_UI9rrJSVvWL2-yAg=.jpg,,https://www.allmusic.com/album/like-clockwork-mw0002540457
614,Nevermind,,https://fastly-s3.allmusic.com/release/mr0000770301/front/220/TdcvlEsXx78bL03_Q7pgej6KsMttLlyBmmVTZ6_CLs0=.jpg,,https://www.allmusic.com/album/nevermind-mw0000185616
615,Back in Black,,https://fastly-s3.allmusic.com/release/mr0001440565/front/220/B3pqi8HH9JyoK1GT1nK65gSijaXJlYnq0St31qpAJWo=.jpg,,https://www.allmusic.com/album/back-in-black-mw0000188862
621,Billboard Heart,,https://fastly-s3.allmusic.com/release/mr0006594831/front/220/X8MfdJSHsWOICSq_YJOBvd_M69_UI9rrJSVvWL2-yAg=.jpg,,https://www.allmusic.com/album/billboard-heart-mw0004450834
622,Harry's House,,https://fastly-s3.allmusic.com/release/mr0005631821/front/220/Q57vSNAMeRPVd5kPChgGSJhUoDg0hsvx4F4sL4oO-nA=.jpg,,https://www.allmusic.com/album/harrys-house-mw0003696194
623,Dream Songs: The Essential Joe Hisaishi,,https://fastly-s3.allmusic.com/release/mr0005145653/front/220/3QVp6EItPvm200ua-oaGGypQg_7iAU1wjqLgK_xGXts=.jpg,,https://www.allmusic.com/album/dream-songs-the-essential-joe-hisaishi-mw0003336422
624,Challenge Me Foolish,,https://fastly-s3.allmusic.com/release/mr0004863446/front/220/P95YhgtqrWJSKWEOskUhwA4Q1ghY8VaPylnm7PwcKNY=.jpg,,https://www.allmusic.com/album/challenge-me-foolish-mw0003156751
625,WORLD WIDE WHACK,,https://fastly-s3.allmusic.com/release/mr0006272314/front/220/ibruajq2v3J2uepEGIbG8IAf7E_1E-2MlBBPmPAXRBU=.jpg,,https://www.allmusic.com/album/world-wide-whack-mw0004201648
626,Honey,,https://fastly-s3.allmusic.com/release/mr0006477331/front/220/PG_DUaINlNotUon_YMS9Xw4Q1ghY8VaPylnm7PwcKNY=.jpg,,https://www.allmusic.com/album/honey-mw0004363440
628,1979-1985 Complete Recordings,,https://fastly-s3.allmusic.com/release/mr0004835178/front/220/3Aw_En-LU6Qqwh5j-kC2BxyhM-OFI8zG4l-qVpXXB1I=.jpg,,https://www.allmusic.com/album/1979-1985-complete-recordings-mw0003137071
629,Coast 2 Coast,,https://fastly-s3.allmusic.com/release/mr0005951594/front/220/tf2iRv1q5jwTLXcBL94GrypQg_7iAU1wjqLgK_xGXts=.jpg,,https://www.allmusic.com/album/coast-2-coast-mw0003943904
631,Good Old Boys,,https://fastly-s3.allmusic.com/release/mr0001258550/front/220/O2jMLKjx2IO1lIOvKCTUM1WnbEN5fCjifro6xhIBuB4=.jpg,,https://www.allmusic.com/album/good-old-boys-mw0000196672
632,Blonde on Blonde,,https://fastly-s3.allmusic.com/release/mr0003966747/front/220/-b4sIMiehaU4KDjE-8yYiN_M69_UI9rrJSVvWL2-yAg=.jpg,,https://www.allmusic.com/album/blonde-on-blonde-mw0000650098
633,Sail Away,,https://fastly-s3.allmusic.com/release/mr0001346269/front/220/XGRv74B7EEQNHdEjzyLRE1WnbEN5fCjifro6xhIBuB4=.jpg,,https://www.allmusic.com/album/sail-away-mw0000193617
634,Aftermath,,https://fastly-s3.allmusic.com/release/mr0001768039/front/220/prazUu6WAPFFNPoJ6fkjoR_TZlp6n_cq-Emr2zx15tU=.jpg,,https://www.allmusic.com/album/aftermath-mw0000191599
635,Critical Beatdown,,https://fastly-s3.allmusic.com/release/mr0001073231/front/220/bLI72HgqYs-jl0wIFibqKoAf7E_1E-2MlBBPmPAXRBU=.jpg,,https://www.allmusic.com/album/critical-beatdown-mw0000653074
639,Schostakowitsch: Symponie Nr. 15,,https://fastly-s3.allmusic.com/release/mr0006551127/front/220/fwyIRGzuh9bd3sTXTh2XZ5hUoDg0hsvx4F4sL4oO-nA=.jpg,,https://www.allmusic.com/album/schostakowitsch-symponie-nr-15-mw0004414177
645,Vulnicura,,https://fastly-s3.allmusic.com/release/mr0004390317/front/220/iSoYxkqIFk0_K6PIrncklipQg_7iAU1wjqLgK_xGXts=.jpg,,https://www.allmusic.com/album/vulnicura-mw0002816050
647,Meliora,,https://fastly-s3.allmusic.com/release/mr0004430333/front/220/v9EKd7-qXU6t9hBZuIwR-h_TZlp6n_cq-Emr2zx15tU=.jpg,,https://www.allmusic.com/album/meliora-mw0002853003
652,Mr. Misunderstood,,https://fastly-s3.allmusic.com/release/mr0004489718/front/220/-0EkxNS3Hxh1k0StDZSrrj6KsMttLlyBmmVTZ6_CLs0=.jpg,,https://www.allmusic.com/album/mr-misunderstood-mw0002895958
653,The Chess Years 1952-1963,,https://fastly-s3.allmusic.com/release/mr0002577200/front/220/0yVG2_KQqtWUmP4qtLE7p5hUoDg0hsvx4F4sL4oO-nA=.jpg,,https://www.allmusic.com/album/the-chess-years-1952-1963-mw0000957825
654,Highway 61 Revisited/Blonde on Blonde,,https://fastly-s3.allmusic.com/release/mr0001056937/front/220/ZPbxu31ba4DBM90HJNUBgQSijaXJlYnq0St31qpAJWo=.jpg,,https://www.allmusic.com/album/highway-61-revisited-blonde-on-blonde-mw0001787330
658,"Miles Davis at the Fillmore 1970: The Bootleg Series, Vol. 3",,https://fastly-s3.allmusic.com/release/mr0004092315/front/220/nGTj84L0xMTcNwAr4HEEuA4Q1ghY8VaPylnm7PwcKNY=.jpg,,https://www.allmusic.com/album/miles-davis-at-the-fillmore-1970-the-bootleg-series-vol-3-mw0002619823
659,DAMN.,,https://fastly-s3.allmusic.com/release/mr0004703748/front/220/h9YTtmj5CHvS9VzigvNTOVWnbEN5fCjifro6xhIBuB4=.jpg,,https://www.allmusic.com/album/damn-mw0003040142
664,Restless Wind: The Legendary Billy Joe Shaver 1973-1987,,https://fastly-s3.allmusic.com/release/mr0000853946/front/220/pkzgrmfgiF_HvpEK0Q7_qz6KsMttLlyBmmVTZ6_CLs0=.jpg,,https://www.allmusic.com/album/restless-wind-the-legendary-billy-joe-shaver-1973-1987-mw0000646291
665,Old Five and Dimers Like Me,,https://fastly-s3.allmusic.com/release/mr0000753872/front/220/wLnrp7LIsJ39UJpSxD1yih_TZlp6n_cq-Emr2zx15tU=.jpg,,https://www.allmusic.com/album/old-five-and-dimers-like-me-mw0000090237
667,A-Sides,,https://fastly-s3.allmusic.com/release/mr0000081718/front/220/bPO5SzPCeHzCj5fEPUZ0ud_M69_UI9rrJSVvWL2-yAg=.jpg,,https://www.allmusic.com/album/a-sides-mw0000596170
668,Cole World: The Sideline Story,,https://fastly-s3.allmusic.com/release/mr0003424633/front/220/2MqvcvwuFJjfLYurBvUIhphUoDg0hsvx4F4sL4oO-nA=.jpg,,https://www.allmusic.com/album/cole-world-the-sideline-story-mw0002195743
670,The Troublemaker,,https://fastly-s3.allmusic.com/release/mr0001554462/front/220/YJnxqabMVrpYbB7uEWtktj6KsMttLlyBmmVTZ6_CLs0=.jpg,,https://www.allmusic.com/album/the-troublemaker-mw0000691140
671,Spirit,,https://fastly-s3.allmusic.com/release/mr0003955486/front/220/WOeXC_Nn-KxotaTfSoO7RwSijaXJlYnq0St31qpAJWo=.jpg,,https://www.allmusic.com/album/spirit-mw0000186424
674,List of Demands,,https://fastly-s3.allmusic.com/release/mr0006586557/front/220/yLWeqri6kaCUD-lsd_otN9_M69_UI9rrJSVvWL2-yAg=.jpg,,https://www.allmusic.com/album/list-of-demands-mw0004443806
680,The Very Best of the Spinners,,https://fastly-s3.allmusic.com/release/mr0002897193/front/220/LbgcIJrh0wt2AUua3dGlKByhM-OFI8zG4l-qVpXXB1I=.jpg,,https://www.allmusic.com/album/the-very-best-of-the-spinners-mw0000095611
681,The Ultimate Tony Bennett,,https://fastly-s3.allmusic.com/release/mr0000324475/front/220/WcEVlGUhiMMFBluqsr2rgg4Q1ghY8VaPylnm7PwcKNY=.jpg,,https://www.allmusic.com/album/the-ultimate-tony-bennett-mw0000098355
684,Spirit Fall,,https://fastly-s3.allmusic.com/release/mr0006560111/front/220/mG0VSWEWQk8qZNHvYnEmnFWnbEN5fCjifro6xhIBuB4=.jpg,,https://www.allmusic.com/album/spirit-fall-mw0004421684
688,You're Dead!,,https://fastly-s3.allmusic.com/release/mr0004241196/front/220/SNbQLRYf1YeVyie1Cp10_YAf7E_1E-2MlBBPmPAXRBU=.jpg,,https://www.allmusic.com/album/youre-dead%21-mw0002720542
690,Sweeney Todd: The Demon Barber of Fleet Street [2007 Soundtrack],,https://fastly-s3.allmusic.com/release/mr0000607676/front/220/OeAcnqVRLL7IOu1dvwBnTA4Q1ghY8VaPylnm7PwcKNY=.jpg,,https://www.allmusic.com/album/sweeney-todd-the-demon-barber-of-fleet-street-2007-soundtrack--mw0000752855
693,Aghori Mhori Mei,,https://fastly-s3.allmusic.com/release/mr0006458352/front/220/2METxYVTc6oFqHnNsi9lIASijaXJlYnq0St31qpAJWo=.jpg,,https://www.allmusic.com/album/aghori-mhori-mei-mw0004342084
694,Horse Rotorvator,,https://fastly-s3.allmusic.com/release/mr0001493484/front/220/KsNnaDn7IXj6OIkf11tNXg4Q1ghY8VaPylnm7PwcKNY=.jpg,,https://www.allmusic.com/album/horse-rotorvator-mw0000195373
695,Kompilation,,https://fastly-s3.allmusic.com/release/mr0003110438/front/220/H3LWBKsSartbar4jed5-Hd_M69_UI9rrJSVvWL2-yAg=.jpg,,https://www.allmusic.com/album/kompilation-mw0002026496
698,Porgy and Bess,,https://fastly-s3.allmusic.com/release/mr0001187016/front/220/4dkFHpo-G9QR8qLmA7984hyhM-OFI8zG4l-qVpXXB1I=.jpg,,https://www.allmusic.com/album/porgy-and-bess-mw0000191712
701,Pretty Hate Machine,,https://fastly-s3.allmusic.com/release/mr0000093992/front/220/DL5ygUBcCa-OxcWcpajwoR_TZlp6n_cq-Emr2zx15tU=.jpg,,https://www.allmusic.com/album/pretty-hate-machine-mw0000207551
703,George Gershwin: Porgy & Bess,,https://fastly-s3.allmusic.com/release/mr0002102844/front/220/AN9zMKvERigFWgdEvX0rKj6KsMttLlyBmmVTZ6_CLs0=.jpg,,https://www.allmusic.com/album/george-gershwin-porgy-bess-mw0001870867
704,Porgy & Bess,,https://fastly-s3.allmusic.com/release/mr0000604874/front/220/i4Govb5p4-kmpzj3OfSU4z6KsMttLlyBmmVTZ6_CLs0=.jpg,,https://www.allmusic.com/album/porgy-bess-mw0000191821
707,Exile,,https://fastly-s3.allmusic.com/release/mr0006550220/front/220/fwyIRGzuh9bd3sTXTh2XZypQg_7iAU1wjqLgK_xGXts=.jpg,,https://www.allmusic.com/album/exile-mw0004413393
715,Paint the Sky with Stars: The Best of Enya,,https://fastly-s3.allmusic.com/release/mr0000077018/front/220/NADp_zNrFIh7DVeGDpfwZ9_M69_UI9rrJSVvWL2-yAg=.jpg,,https://www.allmusic.com/album/paint-the-sky-with-stars-the-best-of-enya-mw0000029759
723,The First Decade: 1983-1993 [Reunion],,https://fastly-s3.allmusic.com/release/mr0001394884/front/220/rveMr4hx3Pw8VmOv4ykOG5hUoDg0hsvx4F4sL4oO-nA=.jpg,,https://www.allmusic.com/album/the-first-decade-1983-1993-reunion--mw0000102997
724,The Very Best of the Winans,,https://fastly-s3.allmusic.com/release/mr0000299471/front/220/CrVndaeUuNMMBkaIG5UUmxyhM-OFI8zG4l-qVpXXB1I=.jpg,,https://www.allmusic.com/album/the-very-best-of-the-winans-mw0000216323
727,The Sound of Music [Original Broadway Cast],,https://fastly-s3.allmusic.com/release/mr0000828201/front/220/lCXCD91QPHmmitDV9tXGYIAf7E_1E-2MlBBPmPAXRBU=.jpg,,https://www.allmusic.com/album/the-sound-of-music-original-broadway-cast--mw0000615855
728,Ben-Hur [Soundtrack],,https://fastly-s3.allmusic.com/release/mr0001521026/front/220/vnmt18hBfkr6-kJTZnKFtt_M69_UI9rrJSVvWL2-yAg=.jpg,,https://www.allmusic.com/album/ben-hur-soundtrack--mw0000674642
731,Palestrina Revealed,,https://fastly-s3.allmusic.com/release/mr0006556263/front/220/_vyjZDkVOa-nyrgZclXzqN_M69_UI9rrJSVvWL2-yAg=.jpg,,https://www.allmusic.com/album/palestrina-revealed-mw0004418418
737,A Boy Named Charlie Brown [Original Motion Picture Soundtrack],,https://fastly-s3.allmusic.com/release/mr0004125982/front/220/3z7k27HR05Z_iDFPv6M09JhUoDg0hsvx4F4sL4oO-nA=.jpg,,https://www.allmusic.com/album/a-boy-named-charlie-brown-original-motion-picture-soundtrack--mw0000188138
738,The Freewheelin' Bob Dylan,,https://fastly-s3.allmusic.com/release/mr0000418847/front/220/kxYvbK69Vc6vLIOhL4anwFWnbEN5fCjifro6xhIBuB4=.jpg,,https://www.allmusic.com/album/the-freewheelin-bob-dylan-mw0000198752
740,Godard/Spillane,,https://fastly-s3.allmusic.com/release/mr0000162594/front/220/jk5thD385WHRvrjlVoXSlRyhM-OFI8zG4l-qVpXXB1I=.jpg,,https://www.allmusic.com/album/godard-spillane-mw0000392790
745,I Wonder Do You Think of Me,,https://fastly-s3.allmusic.com/release/mr0000090386/front/220/9a6ruJw7tsVRj7v2uIoDOoAf7E_1E-2MlBBPmPAXRBU=.jpg,,https://www.allmusic.com/album/i-wonder-do-you-think-of-me-mw0000201395
746,"The Good, the Bad and the Ugly [Original Motion Picture Soundtrack]",,https://fastly-s3.allmusic.com/release/mr0002058893/front/220/AB47JZKd_mQz5YSdIQLrLCpQg_7iAU1wjqLgK_xGXts=.jpg,,https://www.allmusic.com/album/the-good-the-bad-and-the-ugly-original-motion-picture-soundtrack--mw0000879714
747,"Good, the Bad and the Ugly/The Big Gun Down",,https://fastly-s3.allmusic.com/release/mr0001855908/front/220/oNOS3H02s9LIEtez_aoFQwSijaXJlYnq0St31qpAJWo=.jpg,,https://www.allmusic.com/album/good-the-bad-and-the-ugly-the-big-gun-down-mw0000994112
750,Faccia A Faccia (Face to Face)/La Resa Dei Conti (The Big Gundown),,https://fastly-s3.allmusic.com/release/mr0002096908/front/220/WJV0wtw7gbmoS0iaTk7PzwSijaXJlYnq0St31qpAJWo=.jpg,,https://www.allmusic.com/album/faccia-a-faccia-face-to-face-la-resa-dei-conti-the-big-gundown-mw0001193857
756,Beethoven: Missa solemnis,,https://fastly-s3.allmusic.com/release/mr0006535441/front/220/fwyIRGzuh9bd3sTXTh2XZz6KsMttLlyBmmVTZ6_CLs0=.jpg,,https://www.allmusic.com/album/beethoven-missa-solemnis-mw0004401200
759,John Williams in Tokyo,,https://fastly-s3.allmusic.com/release/mr0006367114/front/220/WvlzseSShWOU1ROF3dlHG1WnbEN5fCjifro6xhIBuB4=.jpg,,https://www.allmusic.com/album/john-williams-in-tokyo-mw0004229065
760,Sibelius: Symphonies Nos. 2 & 4,,https://fastly-s3.allmusic.com/release/mr0005610816/front/220/1WLPtglgqzlrr9rouXbeBh_TZlp6n_cq-Emr2zx15tU=.jpg,,https://www.allmusic.com/album/sibelius-symphonies-nos-2-4-mw0003656833
761,This Is Why,,https://fastly-s3.allmusic.com/release/mr0005810017/front/220/nwkc8JEUC95JqvOO0AhsGCpQg_7iAU1wjqLgK_xGXts=.jpg,,https://www.allmusic.com/album/this-is-why-mw0003823198
762,Chihara: Concerto-Fantasy for Piano and Orchestra; Bagatelles; Reveries; Ami,,https://fastly-s3.allmusic.com/release/mr0006100755/front/220/HPqW9LJKXwSful3YXWBn44Af7E_1E-2MlBBPmPAXRBU=.jpg,,https://www.allmusic.com/album/chihara-concerto-fantasy-for-piano-and-orchestra-bagatelles-reveries-ami-mw0004063468
763,Britten: Spring Symphony; Sinfonia da Requiem; Young Person's Guide to the Orchestra,,https://fastly-s3.allmusic.com/release/mr0006312817/front/220/QAmN7azyU-HqfAmezmfXsypQg_7iAU1wjqLgK_xGXts=.jpg,,https://www.allmusic.com/album/britten-spring-symphony-sinfonia-da-requiem-young-persons-guide-to-the-orchestra-mw0004234138
764,"Elgar, Walton: Cello Concerto",,https://fastly-s3.allmusic.com/release/mr0006482527/front/220/dPjsvkCxOM6sAFMCA0-ODRyhM-OFI8zG4l-qVpXXB1I=.jpg,,https://www.allmusic.com/album/elgar-walton-cello-concerto-mw0004362708
784,The Very Best of the Impressions [Rhino],,https://fastly-s3.allmusic.com/release/mr0001242743/front/220/3X_SxIV8QteOF2w4Q7TLaA4Q1ghY8VaPylnm7PwcKNY=.jpg,,https://www.allmusic.com/album/the-very-best-of-the-impressions-rhino--mw0000087719
785,Black Byrd,,https://fastly-s3.allmusic.com/release/mr0001457549/front/220/mmGu0tLFUfJ6AXD3xdbHACpQg_7iAU1wjqLgK_xGXts=.jpg,,https://www.allmusic.com/album/black-byrd-mw0000082900
786,Sounds of Summer: The Very Best of the Beach Boys,,https://fastly-s3.allmusic.com/release/mr0000407381/front/220/7Oa5cPrpGpNJD4rMluNCMQ4Q1ghY8VaPylnm7PwcKNY=.jpg,,https://www.allmusic.com/album/sounds-of-summer-the-very-best-of-the-beach-boys-mw0000032970
788,All the Best,,https://fastly-s3.allmusic.com/release/mr0001109550/front/220/BvNiDy8-E4R4rhmT6XaW9phUoDg0hsvx4F4sL4oO-nA=.jpg,,https://www.allmusic.com/album/all-the-best-mw0000019242
793,Electronic Sonata for Souls Loved by Nature - 1968,,https://fastly-s3.allmusic.com/release/mr0001137208/front/220/MoSUbeopcR0E9hiUKy1twj6KsMttLlyBmmVTZ6_CLs0=.jpg,,https://www.allmusic.com/album/electronic-sonata-for-souls-loved-by-nature-1968-mw0000106226
794,Todd Terry's Greatest Hits,,https://fastly-s3.allmusic.com/release/mr0000000837/front/220/QJcLceDg1ycQc3mqSiABnwSijaXJlYnq0St31qpAJWo=.jpg,,https://www.allmusic.com/album/todd-terrys-greatest-hits-mw0000053884
797,Live: Cookin' with Blue Note at Montreux,,https://fastly-s3.allmusic.com/release/mr0005834214/front/220/6mvEUZ6JFI1sf1xuFulcqB_TZlp6n_cq-Emr2zx15tU=.jpg,,https://www.allmusic.com/album/live-cookin-with-blue-note-at-montreux-mw0003845952
798,Star Wars: The Ultimate Soundtrack Collection,,https://fastly-s3.allmusic.com/release/mr0004492965/front/220/PRp1ZF-FdwOjW3bjTxukAB_TZlp6n_cq-Emr2zx15tU=.jpg,,https://www.allmusic.com/album/star-wars-the-ultimate-soundtrack-collection-mw0002898892
799,Hittin' the Ramp: The Early Years 1936-1943,,https://fastly-s3.allmusic.com/release/mr0005094072/front/220/kfknPMRGMvwe9JrPOHWtyVWnbEN5fCjifro6xhIBuB4=.jpg,,https://www.allmusic.com/album/hittin-the-ramp-the-early-years-1936-1943-mw0003301964
800,Emperor Tomato Ketchup,,https://fastly-s3.allmusic.com/release/mr0000359921/front/220/GP9fS1AImdpZ9DklP1M1MByhM-OFI8zG4l-qVpXXB1I=.jpg,,https://www.allmusic.com/album/emperor-tomato-ketchup-mw0000180004
805,Electric Ladyland,,https://fastly-s3.allmusic.com/release/mr0000851980/front/220/sowLcAs1YiuaS6LismAaJx_TZlp6n_cq-Emr2zx15tU=.jpg,,https://www.allmusic.com/album/electric-ladyland-mw0000527658
806,The Velvet Underground,,https://fastly-s3.allmusic.com/release/mr0004298896/front/220/d5zfGlo5ZfiMY65zLCNkrgSijaXJlYnq0St31qpAJWo=.jpg,,https://www.allmusic.com/album/the-velvet-underground-mw0000022405
807,Cypress Hill,,https://fastly-s3.allmusic.com/release/mr0000115818/front/220/ZL_s9FgYOevp7iLKJU_EQhyhM-OFI8zG4l-qVpXXB1I=.jpg,,https://www.allmusic.com/album/cypress-hill-mw0000675305
808,The Piper at the Gates of Dawn,,https://fastly-s3.allmusic.com/release/mr0003410051/front/220/D9T8Ace0Aln_sPy-3GFMmVWnbEN5fCjifro6xhIBuB4=.jpg,,https://www.allmusic.com/album/the-piper-at-the-gates-of-dawn-mw0000191309
809,The Crazy World of Arthur Brown,,https://fastly-s3.allmusic.com/release/mr0001228377/front/220/02lJfzN8-sPYnsnTCrjj69_M69_UI9rrJSVvWL2-yAg=.jpg,,https://www.allmusic.com/album/the-crazy-world-of-arthur-brown-mw0000312183
810,On the Corner,,https://fastly-s3.allmusic.com/release/mr0001297501/front/220/rPJCuQv3M31X_IiQ6CM4-x_TZlp6n_cq-Emr2zx15tU=.jpg,,https://www.allmusic.com/album/on-the-corner-mw0000197892
811,Tonight's the Night,,https://fastly-s3.allmusic.com/release/mr0004639603/front/220/ltNtoyTMm-nAdpKj7jKVRg4Q1ghY8VaPylnm7PwcKNY=.jpg,,https://www.allmusic.com/album/tonights-the-night-mw0000192440
812,Revolver,,https://fastly-s3.allmusic.com/release/mr0001310262/front/220/omv4tj4QGJaKQbPccV9qIA4Q1ghY8VaPylnm7PwcKNY=.jpg,,https://www.allmusic.com/album/revolver-mw0000189174
823,RCA Country Legends,,https://fastly-s3.allmusic.com/release/mr0001235167/front/220/LcbbWLaugqQ1hH9PD5-33ypQg_7iAU1wjqLgK_xGXts=.jpg,,https://www.allmusic.com/album/rca-country-legends-mw0000661508
842,Whipped Cream & Other Delights,,https://fastly-s3.allmusic.com/release/mr0000829113/front/220/rdGeJgVl2WsK4sd9Rdcbpd_M69_UI9rrJSVvWL2-yAg=.jpg,,https://www.allmusic.com/album/whipped-cream-other-delights-mw0000201513
845,The Essential Johnny Cash 1955-1983,,https://fastly-s3.allmusic.com/release/mr0001569916/front/400/DsRIJyycSCYXnipECo3LDw4Q1ghY8VaPylnm7PwcKNY=.jpg,,https://www.allmusic.com/album/the-essential-johnny-cash-1955-1983-mw0000678852
846,The Original Sun Albums: Complete Collection,,https://fastly-s3.allmusic.com/release/mr0000835499/front/220/yn5gm2tyhLiLFJbDqHd5wxyhM-OFI8zG4l-qVpXXB1I=.jpg,,https://www.allmusic.com/album/the-original-sun-albums-complete-collection-mw0000211979
847,At Folsom Prison [1968],,https://fastly-s3.allmusic.com/release/mr0000772864/front/220/GNSEKDYsbE1_AigJr_oyqFWnbEN5fCjifro6xhIBuB4=.jpg,,https://www.allmusic.com/album/at-folsom-prison-1968--mw0000257048
849,The Definitive Collection: Don't Stop Keep On,,https://fastly-s3.allmusic.com/release/mr0006590223/front/220/0Tobnq4a9BW3XMvmpT0xkipQg_7iAU1wjqLgK_xGXts=.jpg,,https://www.allmusic.com/album/the-definitive-collection-dont-stop-keep-on-mw0004447144
850,Jupiter,,https://fastly-s3.allmusic.com/release/mr0006572222/front/220/XBDG7EXmU9l4Fu_gDgT8Az6KsMttLlyBmmVTZ6_CLs0=.jpg,,https://www.allmusic.com/album/jupiter-mw0004432057
851,Tippin',,https://fastly-s3.allmusic.com/release/mr0006581313/front/220/WCl1BW6A-pdYF3yMebOJFw4Q1ghY8VaPylnm7PwcKNY=.jpg,,https://www.allmusic.com/album/tippin-mw0004439566
852,Frequecy Equilibrium Koan,,https://fastly-s3.allmusic.com/release/mr0006624791/front/220/-SSX35Tte152e9aH1pqYt9_M69_UI9rrJSVvWL2-yAg=.jpg,,https://www.allmusic.com/album/frequecy-equilibrium-koan-mw0004474290
856,Changesbowie,,https://fastly-s3.allmusic.com/release/mr0002755175/front/220/keyXFfrxrHkZ4cnDMuP5gYAf7E_1E-2MlBBPmPAXRBU=.jpg,,https://www.allmusic.com/album/changesbowie-mw0000207736
857,Selling England by the Pound,,https://fastly-s3.allmusic.com/release/mr0000276757/front/220/nNG2uT-6oIsnoHqAzLdicQ4Q1ghY8VaPylnm7PwcKNY=.jpg,,https://www.allmusic.com/album/selling-england-by-the-pound-mw0000189986
859,Debut,,https://fastly-s3.allmusic.com/release/mr0000140710/front/220/2OBgOAoOs_hCNmB9Jpw83FWnbEN5fCjifro6xhIBuB4=.jpg,,https://www.allmusic.com/album/debut-mw0000095292
860,Fossil Fuel: The XTC Singles 1977-1992,,https://fastly-s3.allmusic.com/release/mr0001539076/front/220/9-vMXSn2aqU9uZSUrZ3Fxx_TZlp6n_cq-Emr2zx15tU=.jpg,,https://www.allmusic.com/album/fossil-fuel-the-xtc-singles-1977-1992-mw0000239650
870,Bruckner: Symphony No. 7 [1977 Recording],,https://fastly-s3.allmusic.com/release/mr0002666279/front/220/Gl-qYHrKHFAKxoBBaGgXAA4Q1ghY8VaPylnm7PwcKNY=.jpg,,https://www.allmusic.com/album/bruckner-symphony-no-7-1977-recording--mw0001578954
871,Beethoven: Missa Solemnis,,https://fastly-s3.allmusic.com/release/mr0002160471/front/220/gXQIpGcUUACN0nLwlIDE0IAf7E_1E-2MlBBPmPAXRBU=.jpg,,https://www.allmusic.com/album/beethoven-missa-solemnis-mw0001815601
872,Strauss: Tone Poems,,https://fastly-s3.allmusic.com/release/mr0002163721/front/220/cOrAyMqCozCtJJjJebDzi5hUoDg0hsvx4F4sL4oO-nA=.jpg,,https://www.allmusic.com/album/strauss-tone-poems-mw0001826471
875,Hard Times Furious Dancing,,https://fastly-s3.allmusic.com/release/mr0006610560/front/220/6ixFWGRjahYIdwhM5zGUbh_TZlp6n_cq-Emr2zx15tU=.jpg,,https://www.allmusic.com/album/hard-times-furious-dancing-mw0004463381
879,Anchored in Love: Their Complete Victor Recordings (1927-28),,https://fastly-s3.allmusic.com/release/mr0000135065/front/220/RDDAiFIFyCw2vYE62JmYuQ4Q1ghY8VaPylnm7PwcKNY=.jpg,,https://www.allmusic.com/album/anchored-in-love-their-complete-victor-recordings-1927-28-mw0000106517
880,The Neil Diamond Collection,,https://fastly-s3.allmusic.com/release/mr0000124915/front/220/F7EqOcJ80g_TIqomPtvEmYAf7E_1E-2MlBBPmPAXRBU=.jpg,,https://www.allmusic.com/album/the-neil-diamond-collection-mw0000257510
882,The Ultimate Bee Gees,,https://fastly-s3.allmusic.com/release/mr0004659556/front/220/edON_JGBtCUxWdzGZhD115hUoDg0hsvx4F4sL4oO-nA=.jpg,,https://www.allmusic.com/album/the-ultimate-bee-gees-mw0001773651
883,The Essential Byrds,,https://fastly-s3.allmusic.com/release/mr0001482237/front/220/Da6C5ZOUlUAoAHocBkw8jd_M69_UI9rrJSVvWL2-yAg=.jpg,,https://www.allmusic.com/album/the-essential-byrds-mw0000027051
891,Dreaming of You,,https://fastly-s3.allmusic.com/release/mr0004407804/front/220/L3DBjC_aUO73gvtJ7QPgtt_M69_UI9rrJSVvWL2-yAg=.jpg,,https://www.allmusic.com/album/dreaming-of-you-mw0000173092
893,A Charlie Brown Christmas [Original TV Soundtrack],,https://fastly-s3.allmusic.com/release/mr0005760461/front/220/S2JEGko64M2k_4LXUIu38D6KsMttLlyBmmVTZ6_CLs0=.jpg,,https://www.allmusic.com/album/a-charlie-brown-christmas-original-tv-soundtrack--mw0000649547
894,"Blowin' Up a Storm: The Columbia Years, 1945-1947",,https://fastly-s3.allmusic.com/release/mr0000517481/front/220/ddOHbYrw6vNZllWT94PyJwSijaXJlYnq0St31qpAJWo=.jpg,,https://www.allmusic.com/album/blowin-up-a-storm-the-columbia-years-1945-1947-mw0000006603
899,"Ludwig van Beethoven: Sonaten für Klavier und Violine op. 12 Nr. 3, Op 30 Nr. 3, Op. 96",,https://fastly-s3.allmusic.com/release/mr0006535577/front/220/f7cvB1fhkgKkTR5DAwMGYJhUoDg0hsvx4F4sL4oO-nA=.jpg,,https://www.allmusic.com/album/ludwig-van-beethoven-sonaten-f%C3%BCr-klavier-und-violine-op-12-nr-3-op-30-nr-3-op-96-mw0004401329
907,Snooty Fruity,,https://fastly-s3.allmusic.com/release/mr0000100935/front/220/jwfHCdE4qO8LRv1gc0Qsi5hUoDg0hsvx4F4sL4oO-nA=.jpg,,https://www.allmusic.com/album/snooty-fruity-mw0000203636
912,Live at Carnegie Hall: 1938 Complete,,https://fastly-s3.allmusic.com/release/mr0001452088/front/220/mHNibEY4_1fhpInU993vySpQg_7iAU1wjqLgK_xGXts=.jpg,,https://www.allmusic.com/album/live-at-carnegie-hall-1938-complete-mw0000671550
928,The Verve/MGM Albums,,https://fastly-s3.allmusic.com/release/mr0003775447/front/220/c57s6ZR_6oNV6ogdakhK7j6KsMttLlyBmmVTZ6_CLs0=.jpg,,https://www.allmusic.com/album/the-verve-mgm-albums-mw0002421120
929,A Christmas Album,,https://fastly-s3.allmusic.com/release/mr0000332139/front/220/EV1hidkxQ4e2Q-eunT_lFA4Q1ghY8VaPylnm7PwcKNY=.jpg,,https://www.allmusic.com/album/a-christmas-album-mw0000191933
930,Barbra Joan Streisand,,https://fastly-s3.allmusic.com/release/mr0000355019/front/220/XsR9Y5252dUUx7t2u_KyyR_TZlp6n_cq-Emr2zx15tU=.jpg,,https://www.allmusic.com/album/barbra-joan-streisand-mw0000192624
931,Tug of War,,https://fastly-s3.allmusic.com/release/mr0000476897/front/220/jDU-TGylxkRujG0Blns0DwSijaXJlYnq0St31qpAJWo=.jpg,,https://www.allmusic.com/album/tug-of-war-mw0000193933
935,Ravel: The Complete Solo Piano Works,,https://fastly-s3.allmusic.com/release/mr0006561647/front/220/QV7OxBIlWoSvEZ1rIgLcXR_TZlp6n_cq-Emr2zx15tU=.jpg,,https://www.allmusic.com/album/ravel-the-complete-solo-piano-works-mw0004422871
936,White Blood Cells,,https://fastly-s3.allmusic.com/release/mr0001335014/front/220/B2RsiekjdosBuorjIklfMByhM-OFI8zG4l-qVpXXB1I=.jpg,,https://www.allmusic.com/album/white-blood-cells-mw0000228307
937,The Sun Sessions,,https://fastly-s3.allmusic.com/release/mr0001408628/front/220/AJnFoUVCwi6ruS6sy4g4Fz6KsMttLlyBmmVTZ6_CLs0=.jpg,,https://www.allmusic.com/album/the-sun-sessions-mw0000192717
939,Let's Hide Away and Dance Away with Freddy King,,https://fastly-s3.allmusic.com/release/mr0002748757/front/220/tO7uN_2OlnhEn0ogNbJGTD6KsMttLlyBmmVTZ6_CLs0=.jpg,,https://www.allmusic.com/album/lets-hide-away-and-dance-away-with-freddy-king-mw0000273465
940,Rocket to Russia,,https://fastly-s3.allmusic.com/release/mr0001658465/front/220/ZX1pOlAg00s57tu-1xS_dlWnbEN5fCjifro6xhIBuB4=.jpg,,https://www.allmusic.com/album/rocket-to-russia-mw0000005209
941,Cheap Trick [1977],,https://fastly-s3.allmusic.com/release/mr0001177866/front/220/cfItoL7H2TuZnupGVUDMTFWnbEN5fCjifro6xhIBuB4=.jpg,,https://www.allmusic.com/album/cheap-trick-1977--mw0000199750
962,Led Zeppelin IV,,https://fastly-s3.allmusic.com/release/mr0001051590/front/220/wVfdCEHSYG1BCWdc9VOQ4SpQg_7iAU1wjqLgK_xGXts=.jpg,,https://www.allmusic.com/album/led-zeppelin-iv-mw0000190736
963,The Dark Side of the Moon,,https://fastly-s3.allmusic.com/release/mr0003409492/front/220/EUokLyfMctShPK4In1fAA4Af7E_1E-2MlBBPmPAXRBU=.jpg,,https://www.allmusic.com/album/the-dark-side-of-the-moon-mw0000191308
965,Their Greatest Hits 1971-1975,,https://fastly-s3.allmusic.com/release/mr0003984562/front/220/t0UafB6u7THnlw9daKdrWVWnbEN5fCjifro6xhIBuB4=.jpg,,https://www.allmusic.com/album/their-greatest-hits-1971-1975-mw0000189766
966,"On a Carousel, 1963-1974: The Ultimate Hollies",,https://fastly-s3.allmusic.com/release/mr0002968781/front/220/9KZ_vTQfBWpnHHi6vT54UQSijaXJlYnq0St31qpAJWo=.jpg,,https://www.allmusic.com/album/on-a-carousel-1963-1974-the-ultimate-hollies-mw0000549360
972,Endless Summer: Donna Summer's Greatest Hits,,https://fastly-s3.allmusic.com/release/mr0003706023/front/220/SQPQZU1JKrkJRIef9cklcQ4Q1ghY8VaPylnm7PwcKNY=.jpg,,https://www.allmusic.com/album/endless-summer-donna-summers-greatest-hits-mw0000120052
974,Grandes Exitos [Musart],,https://fastly-s3.allmusic.com/release/mr0001134407/front/220/u_m7O76JrjecPcxdQuelx1WnbEN5fCjifro6xhIBuB4=.jpg,,https://www.allmusic.com/album/grandes-exitos-musart--mw0000228609
975,Smash Hits,,https://fastly-s3.allmusic.com/release/mr0002875886/front/220/EIBJ6UI7dN5RFmpOktag5d_M69_UI9rrJSVvWL2-yAg=.jpg,,https://www.allmusic.com/album/smash-hits-mw0000199231
976,Jah Shaka Meets Mad Professor at Ariwa Sounds,,https://fastly-s3.allmusic.com/release/mr0000049891/front/220/3myxC9CP-F1XU6vtzXWHRw4Q1ghY8VaPylnm7PwcKNY=.jpg,,https://www.allmusic.com/album/jah-shaka-meets-mad-professor-at-ariwa-sounds-mw0000080104
977,Essential Albums,,https://fastly-s3.allmusic.com/release/mr0003411073/front/220/jADh5vT5NKt1iLQk8eAJct_M69_UI9rrJSVvWL2-yAg=.jpg,,https://www.allmusic.com/album/essential-albums-mw0002185503
985,Marcus Garvey,,https://fastly-s3.allmusic.com/release/mr0000869756/front/220/AP_Uy70iHHyeghoQyuvavwSijaXJlYnq0St31qpAJWo=.jpg,,https://www.allmusic.com/album/marcus-garvey-mw0000033099
987,The Best of Ten Years 1976-1986,,https://fastly-s3.allmusic.com/release/mr0000760632/front/220/SzpZTAdM6K2-IHlKmXSmYt_M69_UI9rrJSVvWL2-yAg=.jpg,,https://www.allmusic.com/album/the-best-of-ten-years-1976-1986-mw0000652675
988,The Sounds of India,,https://fastly-s3.allmusic.com/release/mr0000101509/front/220/9D6i3nrLgP77jSoGtijff1WnbEN5fCjifro6xhIBuB4=.jpg,,https://www.allmusic.com/album/the-sounds-of-india-mw0000204926
992,Friar Tuck,,https://fastly-s3.allmusic.com/release/mr0006554179/front/220/xa8PZCwNHle7URfJngtoIIAf7E_1E-2MlBBPmPAXRBU=.jpg,,https://www.allmusic.com/album/friar-tuck-mw0004416729
995,By Request: The Best of John Williams & the Boston Pops,,https://fastly-s3.allmusic.com/release/mr0002853929/front/220/7vdFgU2m9WlBNCpXsR-b4phUoDg0hsvx4F4sL4oO-nA=.jpg,,https://www.allmusic.com/album/by-request-the-best-of-john-williams-the-boston-pops-mw0000319812
1002,The Overview,,https://fastly-s3.allmusic.com/release/mr0006585407/front/220/6ct4gMXhbrRtClLi2BEecCpQg_7iAU1wjqLgK_xGXts=.jpg,,https://www.allmusic.com/album/the-overview-mw0004442857
1004,Fata Morgana: Dawn,,https://fastly-s3.allmusic.com/release/mr0006560275/front/220/mOfN9lLtJkLHAcMKWa8AhASijaXJlYnq0St31qpAJWo=.jpg,,https://www.allmusic.com/album/fata-morgana-dawn-mw0004421785
1012,"His Best, 1947 to 1955",,https://fastly-s3.allmusic.com/release/mr0001854222/front/220/DEJ7B0tcZKIXVnqbxfWZwh_TZlp6n_cq-Emr2zx15tU=.jpg,,https://www.allmusic.com/album/his-best-1947-to-1955-mw0000099683
1017,The Best of Andrés Segovia,,https://fastly-s3.allmusic.com/release/mr0002461562/front/220/FADGteUG0pi8vUaef7rRi4Af7E_1E-2MlBBPmPAXRBU=.jpg,,https://www.allmusic.com/album/the-best-of-andr%C3%A9s-segovia-mw0001862740
1018,Williams: Violin Concerto No. 2; Selected Film Themes,,https://fastly-s3.allmusic.com/release/mr0005614377/front/220/HOp1qukLSuNak58F3nX-1Q4Q1ghY8VaPylnm7PwcKNY=.jpg,,https://www.allmusic.com/album/williams-violin-concerto-no-2-selected-film-themes-mw0003683508
1020,Kundun [Music from the Original Soundtrack],,https://fastly-s3.allmusic.com/release/mr0000076339/front/220/Fp8YxuAOYjN_3U5DmjJrewSijaXJlYnq0St31qpAJWo=.jpg,,https://www.allmusic.com/album/kundun-music-from-the-original-soundtrack--mw0000596346
1021,"Crouching Tiger, Hidden Dragon [Original Motion Picture Soundtrack]",,https://fastly-s3.allmusic.com/release/mr0002875949/front/220/gV-VtHCvnULJVEsM9wCcYgSijaXJlYnq0St31qpAJWo=.jpg,,https://www.allmusic.com/album/crouching-tiger-hidden-dragon-original-motion-picture-soundtrack--mw0000107873
1022,Song of the Islands,,https://fastly-s3.allmusic.com/release/mr0004049405/front/220/rtaNgx4nHC3Bjd_w54uiCw4Q1ghY8VaPylnm7PwcKNY=.jpg,,https://www.allmusic.com/album/song-of-the-islands-mw0000378229
1023,The Pink Panther [Music From the Film Score],,https://fastly-s3.allmusic.com/release/mr0001546214/front/220/qUv1bM7sHqQcy0OFhNSymZhUoDg0hsvx4F4sL4oO-nA=.jpg,,https://www.allmusic.com/album/the-pink-panther-music-from-the-film-score--mw0000204186
1024,Strauss: Tod und Verklärung; Schoenberg: Pelleas und Melisande,,https://fastly-s3.allmusic.com/release/mr0002083691/front/220/p-6sGNkNDUbmk0QwqKU0sd_M69_UI9rrJSVvWL2-yAg=.jpg,,https://www.allmusic.com/album/strauss-tod-und-verkl%C3%A4rung-schoenberg-pelleas-und-melisande-mw0001944109
1026,6,,https://fastly-s3.allmusic.com/release/mr0006561888/front/220/6c99Fpzqnv1-XMCcgCu2LN_M69_UI9rrJSVvWL2-yAg=.jpg,,https://www.allmusic.com/album/6-mw0004421170
1027,Pine,,https://fastly-s3.allmusic.com/release/mr0006596771/front/220/5he_t2Uj3amhgC5isGa4KgSijaXJlYnq0St31qpAJWo=.jpg,,https://www.allmusic.com/album/pine-mw0004452307
1032,Echo in the Valley,,https://fastly-s3.allmusic.com/release/mr0004780490/front/220/YZAaSDEMaoVjUaEnq6V8d5hUoDg0hsvx4F4sL4oO-nA=.jpg,,https://www.allmusic.com/album/echo-in-the-valley-mw0003098395
1033,Time Outtakes,,https://fastly-s3.allmusic.com/release/mr0005285221/front/220/nb7hytyFQdPfSirucmuApCpQg_7iAU1wjqLgK_xGXts=.jpg,,https://www.allmusic.com/album/time-outtakes-mw0003450869
1034,"Barber, Bruch",,https://fastly-s3.allmusic.com/release/mr0005990748/front/220/hIyd8Lh1iRNSaUIBoBVbr4Af7E_1E-2MlBBPmPAXRBU=.jpg,,https://www.allmusic.com/album/barber-bruch-mw0003924412
1035,Kid A Mnesia,,https://fastly-s3.allmusic.com/release/mr0005489044/front/220/Huj8WOrFkj1pjsVgCR9Ncw4Q1ghY8VaPylnm7PwcKNY=.jpg,,https://www.allmusic.com/album/kid-a-mnesia-mw0003617073
1040,Straight Ahead,,https://fastly-s3.allmusic.com/release/mr0001361996/front/220/jHcv7Naq2ylaw-vwndNgzwSijaXJlYnq0St31qpAJWo=.jpg,,https://www.allmusic.com/album/straight-ahead-mw0000171274
1041,The Best of Mike Oldfield: Elements,,https://fastly-s3.allmusic.com/release/mr0000142089/front/220/Fe4WUS9PQ12-GfsGZoRybgSijaXJlYnq0St31qpAJWo=.jpg,,https://www.allmusic.com/album/the-best-of-mike-oldfield-elements-mw0000108529
1042,Homework/Discovery,,https://fastly-s3.allmusic.com/release/mr0005694060/front/220/hX0_BKxVjpyUn_tMzJ7PnhyhM-OFI8zG4l-qVpXXB1I=.jpg,,https://www.allmusic.com/album/homework-discovery-mw0000490189
1043,Philip Glass: Einstein on the Beach [1978 recording],,https://fastly-s3.allmusic.com/release/mr0001378288/front/220/8MAB-XPJ7YKgmSg0ZY9Vm5hUoDg0hsvx4F4sL4oO-nA=.jpg,,https://www.allmusic.com/album/philip-glass-einstein-on-the-beach-1978-recording--mw0000450373
1052,Singable Songs for the Very Young,,https://fastly-s3.allmusic.com/release/mr0001264171/front/220/GYMEtZ1zR38kC4CSm5GBxipQg_7iAU1wjqLgK_xGXts=.jpg,,https://www.allmusic.com/album/singable-songs-for-the-very-young-mw0000603482
1053,Jackpot: The Best Bette,,https://fastly-s3.allmusic.com/release/mr0000997154/front/220/HcKL3LqAJZ4BMgDgGlBUwR_TZlp6n_cq-Emr2zx15tU=.jpg,,https://www.allmusic.com/album/jackpot-the-best-bette-mw0000795431
1054,The Singable Songs Collection,,https://fastly-s3.allmusic.com/release/mr0001112688/front/220/7rdPs1davkHUgCHGAY_J5j6KsMttLlyBmmVTZ6_CLs0=.jpg,,https://www.allmusic.com/album/the-singable-songs-collection-mw0000199908
1057,12 Play,,https://fastly-s3.allmusic.com/release/mr0000133271/front/220/UVzz2OK2Lt1h9b_rqwwzzw4Q1ghY8VaPylnm7PwcKNY=.jpg,,https://www.allmusic.com/album/12-play-mw0000103763
1058,Experience the Divine Bette Midler: Greatest Hits,,https://fastly-s3.allmusic.com/release/mr0001437358/front/220/Fv9OxusAeCnIV4piziqbnxyhM-OFI8zG4l-qVpXXB1I=.jpg,,https://www.allmusic.com/album/experience-the-divine-bette-midler-greatest-hits-mw0000535148
1059,"One Light, One Sun",,https://fastly-s3.allmusic.com/release/mr0001351347/front/220/172XXzv00zs8Qr6Ae3woyxyhM-OFI8zG4l-qVpXXB1I=.jpg,,https://www.allmusic.com/album/one-light-one-sun-mw0000050890
1075,Close Encounters of the Third Kind [Original Motion Picture Soundtrack],,https://fastly-s3.allmusic.com/release/mr0004474948/front/220/KFMrgQdTm2mUvEL85l0N7w4Q1ghY8VaPylnm7PwcKNY=.jpg,,https://www.allmusic.com/album/close-encounters-of-the-third-kind-original-motion-picture-soundtrack--mw0000193266
1078,Cats [Complete Original Broadway Cast Recording],,https://fastly-s3.allmusic.com/release/mr0003983178/front/220/VZg7H8BAT_BcsmMT5e-1FByhM-OFI8zG4l-qVpXXB1I=.jpg,,https://www.allmusic.com/album/cats-complete-original-broadway-cast-recording--mw0000189439
1081,Mendelssohn: Violin Concerto Op. 64; A Midsummer Night's Dream,,https://fastly-s3.allmusic.com/release/mr0002095715/front/220/1bvRuNxdi6a1FgVPh_ghRh_TZlp6n_cq-Emr2zx15tU=.jpg,,https://www.allmusic.com/album/mendelssohn-violin-concerto-op-64-a-midsummer-nights-dream-mw0001366119
1082,The ArchAndroid,,https://fastly-s3.allmusic.com/release/mr0002904824/front/220/DDDbd0GMkLlWta8tZEKhyQ4Q1ghY8VaPylnm7PwcKNY=.jpg,,https://www.allmusic.com/album/the-archandroid-mw0001977907
1088,Stockhausen: Montag aus LICHT,,https://fastly-s3.allmusic.com/release/mr0002698817/front/220/m1D4TqekmHVaIfG7Gryi1hyhM-OFI8zG4l-qVpXXB1I=.jpg,,https://www.allmusic.com/album/stockhausen-montag-aus-licht-mw0001854220
1091,Stravinsky Conducts Le Sacre du Printemps,,https://fastly-s3.allmusic.com/release/mr0003889597/front/220/W-BLHA0BbGoJDEFR7GX-ZRyhM-OFI8zG4l-qVpXXB1I=.jpg,,https://www.allmusic.com/album/stravinsky-conducts-le-sacre-du-printemps-mw0002488486
1094,Issues,,https://fastly-s3.allmusic.com/release/mr0002758639/front/220/9jwQ29Mqu2jEiwKVE2krfD6KsMttLlyBmmVTZ6_CLs0=.jpg,,https://www.allmusic.com/album/issues-mw0000252370
1097,Private Dancer,,https://fastly-s3.allmusic.com/release/mr0000348570/front/220/Lz4uUdSfsrxq14pgHhHKmQSijaXJlYnq0St31qpAJWo=.jpg,,https://www.allmusic.com/album/private-dancer-mw0000196120
1098,Shostakovich: Symphony No. 4,,https://fastly-s3.allmusic.com/release/mr0002701742/front/220/VVRYVSzPga8VE5QLkqP9-Q4Q1ghY8VaPylnm7PwcKNY=.jpg,,https://www.allmusic.com/album/shostakovich-symphony-no-4-mw0001385906
1099,"Shostakovich: Symphony No. 4; Britten: Four Sea Interludes from ""Peter Grimes""",,https://fastly-s3.allmusic.com/release/mr0002113653/front/220/dc5XZZk2YMFm3sZyhMAaWh_TZlp6n_cq-Emr2zx15tU=.jpg,,https://www.allmusic.com/album/shostakovich-symphony-no-4-britten-four-sea-interludes-from-peter-grimes-mw0001844086
1100,Stravinsky: Le Sacre du printemps,,https://fastly-s3.allmusic.com/release/mr0003920922/front/220/-SnS1BkViRjKBRO3kHxNA4Af7E_1E-2MlBBPmPAXRBU=.jpg,,https://www.allmusic.com/album/stravinsky-le-sacre-du-printemps-mw0002510426
1101,Brahms: The Piano Trios,,https://fastly-s3.allmusic.com/release/mr0004779810/front/220/fjN6u3sojq8IRffrZ14r_5hUoDg0hsvx4F4sL4oO-nA=.jpg,,https://www.allmusic.com/album/brahms-the-piano-trios-mw0003097881
1102,"Springtime in New York: The Bootleg Series, Vol. 16 (1980-1985)",,https://fastly-s3.allmusic.com/release/mr0005459684/front/220/srDS_RbuYSeY_5pK7E0F3YAf7E_1E-2MlBBPmPAXRBU=.jpg,,https://www.allmusic.com/album/springtime-in-new-york-the-bootleg-series-vol-16-1980-1985-mw0003563746
1103,Rachmaninov: Moments musicaux,,https://fastly-s3.allmusic.com/release/mr0002170187/front/220/64zWZpVJIX-a5whdoxQw8wSijaXJlYnq0St31qpAJWo=.jpg,,https://www.allmusic.com/album/rachmaninov-moments-musicaux-mw0001844943
1104,"Arc III: Brahms, Schubert, Debussy, Dohnányi, Ligeti, Talma",,https://fastly-s3.allmusic.com/release/mr0006552106/front/220/EzLlBunCQfb5kD2lfd0vw5hUoDg0hsvx4F4sL4oO-nA=.jpg,,https://www.allmusic.com/album/arc-iii-brahms-schubert-debussy-dohn%C3%A1nyi-ligeti-talma-mw0004415018
1105,"Paganini: 24 Caprices; Berlioz, Cervelló, Kreisler, Ortiz, Saint-Saëns, Sarasate, Wieniawski",,https://fastly-s3.allmusic.com/release/mr0006540117/front/220/QV7OxBIlWoSvEZ1rIgLcXSpQg_7iAU1wjqLgK_xGXts=.jpg,,https://www.allmusic.com/album/paganini-24-caprices-berlioz-cervell%C3%B3-kreisler-ortiz-saint-sa%C3%ABns-sarasate-wieniawski-mw0004404920
1106,Vivaldi: Opus 8 Vol. 1 - The Four Seasons & other concertos,,https://fastly-s3.allmusic.com/release/mr0006560910/front/220/LTJR2u5gxLXP9Oluxx3DXg4Q1ghY8VaPylnm7PwcKNY=.jpg,,https://www.allmusic.com/album/vivaldi-opus-8-vol-1-the-four-seasons-other-concertos-mw0004422282
1107,"Joseph Haydn: String Quartets, Op. 77 & Folk Music from Scotland",,https://fastly-s3.allmusic.com/release/mr0006551971/front/220/wFbo8bdq16gYQE8dioqAOJhUoDg0hsvx4F4sL4oO-nA=.jpg,,https://www.allmusic.com/album/joseph-haydn-string-quartets-op-77-folk-music-from-scotland-mw0004414910
1109,Ultimate Run DMC,,https://fastly-s3.allmusic.com/release/mr0002773770/front/220/8Xq45XzGjZBqzPCfxiK5-w4Q1ghY8VaPylnm7PwcKNY=.jpg,,https://www.allmusic.com/album/ultimate-run-dmc-mw0000325978
1110,The Best of the Black President,,https://fastly-s3.allmusic.com/release/mr0001048749/front/220/ONAtL-2TQwyoNju6maVn5ASijaXJlYnq0St31qpAJWo=.jpg,,https://www.allmusic.com/album/the-best-of-the-black-president-mw0000603885
1111,We Insist! Max Roach's Freedom Now Suite,,https://fastly-s3.allmusic.com/release/mr0001239293/front/220/aH0rIy0u0CO1fB-Fdyralj6KsMttLlyBmmVTZ6_CLs0=.jpg,,https://www.allmusic.com/album/we-insist%21-max-roachs-freedom-now-suite-mw0000194826
1113,No Remorse,,https://fastly-s3.allmusic.com/release/mr0001292971/front/220/HeIT2iYHdfCV97fo37d3GphUoDg0hsvx4F4sL4oO-nA=.jpg,,https://www.allmusic.com/album/no-remorse-mw0000246430
1114,Bad Brains,,https://fastly-s3.allmusic.com/release/mr0005324409/front/220/67gwlC-KOKVxvJcMAqQiGZhUoDg0hsvx4F4sL4oO-nA=.jpg,,https://www.allmusic.com/album/bad-brains-mw0000267343
1115,"All the Stuff (And More), Vol. 1",,https://fastly-s3.allmusic.com/release/mr0001117059/front/220/sTAS9xLOwW-FzbrNiSvTDypQg_7iAU1wjqLgK_xGXts=.jpg,,https://www.allmusic.com/album/all-the-stuff-and-more-vol-1-mw0000204515
1125,Rumours,,https://fastly-s3.allmusic.com/release/mr0000278244/front/220/92nP3aU75t6t3SJwB7I5OYAf7E_1E-2MlBBPmPAXRBU=.jpg,,https://www.allmusic.com/album/rumours-mw0000193833
1132,3.0,,https://fastly-s3.allmusic.com/release/mr0003974476/front/220/dSGSYsfDzZhp0mV7T6jAsipQg_7iAU1wjqLgK_xGXts=.jpg,,https://www.allmusic.com/album/30-mw0002550345
1133,Anti,,https://fastly-s3.allmusic.com/release/mr0004515386/front/220/Zse6h1WWJG6TbYTRTpzLYVWnbEN5fCjifro6xhIBuB4=.jpg,,https://www.allmusic.com/album/anti-mw0002888391
1138,"The Great Pianists, Vol. 7: Vladimir Horowitz",,https://fastly-s3.allmusic.com/release/mr0002156521/front/220/P3oxnLKv2WyMg8MC8IsQpt_M69_UI9rrJSVvWL2-yAg=.jpg,,https://www.allmusic.com/album/the-great-pianists-vol-7-vladimir-horowitz-mw0001947666
1143,Oleg Shebeta-Dragan,,https://fastly-s3.allmusic.com/release/mr0006551968/front/220/FMjBI_63AUkcHpKHAypEuh_TZlp6n_cq-Emr2zx15tU=.jpg,,https://www.allmusic.com/album/oleg-shebeta-dragan-mw0004414908
1144,Foundation Ska,,https://fastly-s3.allmusic.com/release/mr0001289764/front/220/1ArxFPi5I4ibCthrOnNLMSpQg_7iAU1wjqLgK_xGXts=.jpg,,https://www.allmusic.com/album/foundation-ska-mw0000029480
1148,Channel Orange,,https://fastly-s3.allmusic.com/release/mr0003712210/front/220/EMlT715XK4m3OQTuejsAwt_M69_UI9rrJSVvWL2-yAg=.jpg,,https://www.allmusic.com/album/channel-orange-mw0002394636
1149,"Airto & Flora, A Celebration: 60 Years – Sounds, Dreams & Other Stories",,https://fastly-s3.allmusic.com/release/mr0006124462/front/220/oqr9Chos4zXliP2gTU7QHA4Q1ghY8VaPylnm7PwcKNY=.jpg,,https://www.allmusic.com/album/airto-flora-a-celebration-60-years--sounds-dreams-other-stories-mw0004082552
1150,Eli and the Thirteenth Confession,,https://fastly-s3.allmusic.com/release/mr0000351729/front/220/bYehwnGXoOctARw0PizPzFWnbEN5fCjifro6xhIBuB4=.jpg,,https://www.allmusic.com/album/eli-and-the-thirteenth-confession-mw0000651047
1156,Rain Dogs,,https://fastly-s3.allmusic.com/release/mr0001496711/front/220/Pb36pJ32AR-KulZkk5q6fw4Q1ghY8VaPylnm7PwcKNY=.jpg,,https://www.allmusic.com/album/rain-dogs-mw0000192250
1159,Rid of Me,,https://fastly-s3.allmusic.com/release/mr0000135261/front/220/h4WiW4Abe33EGzOr8sNQH4Af7E_1E-2MlBBPmPAXRBU=.jpg,,https://www.allmusic.com/album/rid-of-me-mw0000096498
1160,Entertainment!,,https://fastly-s3.allmusic.com/release/mr0005361430/front/220/MpZcXS-9QpOHgjm-2mm0Eh_TZlp6n_cq-Emr2zx15tU=.jpg,,https://www.allmusic.com/album/entertainment%21-mw0000645285
1162,Out to Lunch!,,https://fastly-s3.allmusic.com/release/mr0000895532/front/220/Zs7RKJKpB0Rrgu6Fa_l6MphUoDg0hsvx4F4sL4oO-nA=.jpg,,https://www.allmusic.com/album/out-to-lunch%21-mw0000241418
1163,Slanted and Enchanted,,https://fastly-s3.allmusic.com/release/mr0001408548/front/220/Am2StgZHAen_j0iQv_4Wdx_TZlp6n_cq-Emr2zx15tU=.jpg,,https://www.allmusic.com/album/slanted-and-enchanted-mw0000273394
1194,Hölderlin: Ode an die Menschheit; Mozart: Requiem,,https://fastly-s3.allmusic.com/release/mr0002844218/front/220/Ya_AIlR4C3zUEKSghDw2NFWnbEN5fCjifro6xhIBuB4=.jpg,,https://www.allmusic.com/album/h%C3%B6lderlin-ode-an-die-menschheit-mozart-requiem-mw0001840881
1201,Nicolas de Grigny: Messe & Hymnes,,https://fastly-s3.allmusic.com/release/mr0006535516/front/220/amilMqBP0gnqzQiNjJ4sMA4Q1ghY8VaPylnm7PwcKNY=.jpg,,https://www.allmusic.com/album/nicolas-de-grigny-messe-hymnes-mw0004401269
1215,The Very Best of Little Richard [Specialty],,https://fastly-s3.allmusic.com/release/mr0003687065/front/220/uZ5dZ6FWBH-s14vY_NTwnN_M69_UI9rrJSVvWL2-yAg=.jpg,,https://www.allmusic.com/album/the-very-best-of-little-richard-specialty--mw0000792948
1216,ABBA Gold: Greatest Hits,,https://fastly-s3.allmusic.com/release/mr0000132705/front/220/_7tGggs7cYItd9Ko93gzM4Af7E_1E-2MlBBPmPAXRBU=.jpg,,https://www.allmusic.com/album/abba-gold-greatest-hits-mw0000206799
1218,1,,https://fastly-s3.allmusic.com/release/mr0003433125/front/220/11RRZwKrE3NgHTZknc3zLw4Q1ghY8VaPylnm7PwcKNY=.jpg,,https://www.allmusic.com/album/1-mw0000096318
1219,The Georgia Peach,,https://fastly-s3.allmusic.com/release/mr0001121108/front/220/ZnlXFhIxI85TEuNRxcF3LoAf7E_1E-2MlBBPmPAXRBU=.jpg,,https://www.allmusic.com/album/the-georgia-peach-mw0000263554
1220,The Best of the Monkees [Rhino],,https://fastly-s3.allmusic.com/release/mr0000406424/front/220/LKu4LzNz2HfRjzS6LCFTDw4Q1ghY8VaPylnm7PwcKNY=.jpg,,https://www.allmusic.com/album/the-best-of-the-monkees-rhino--mw0000026001
1223,Mozart: Violin Concerto No. 5 KV 219; Piano Concertos Nos. 3 KV 40 & 14 KV 449,,https://fastly-s3.allmusic.com/release/mr0006535445/front/220/fwyIRGzuh9bd3sTXTh2XZx_TZlp6n_cq-Emr2zx15tU=.jpg,,https://www.allmusic.com/album/mozart-violin-concerto-no-5-kv-219-piano-concertos-nos-3-kv-40-14-kv-449-mw0004401204
1224,Héritage,,https://fastly-s3.allmusic.com/release/mr0006517276/front/220/2iYnyZzR5E2jA59GQOZs0CpQg_7iAU1wjqLgK_xGXts=.jpg,,https://www.allmusic.com/album/h%C3%A9ritage-mw0004387513
1225,lull,,https://fastly-s3.allmusic.com/release/mr0006572805/front/220/qcHmHDhcY-roMJTl7V3-WQ4Q1ghY8VaPylnm7PwcKNY=.jpg,,https://www.allmusic.com/album/lull-mw0004432534
1228,Mongo's Greatest Hits,,https://fastly-s3.allmusic.com/release/mr0000108721/front/220/0C7_2wlrLmp2TBFAzS_izYAf7E_1E-2MlBBPmPAXRBU=.jpg,,https://www.allmusic.com/album/mongos-greatest-hits-mw0000263754
1232,Birth of the Hot,,https://fastly-s3.allmusic.com/release/mr0000851141/front/220/30vTuqBr0dnzMAZIXD6-id_M69_UI9rrJSVvWL2-yAg=.jpg,,https://www.allmusic.com/album/birth-of-the-hot-mw0000645330
1233,The Very Best of Prince,,https://fastly-s3.allmusic.com/release/mr0002866770/front/220/1Pp0NDpp3zpsZw4qLENsewSijaXJlYnq0St31qpAJWo=.jpg,,https://www.allmusic.com/album/the-very-best-of-prince-mw0000590031
1237,Tonky,,https://fastly-s3.allmusic.com/release/mr0006606028/front/220/R6bKePgdfdOSm2nRQ_Eq2z6KsMttLlyBmmVTZ6_CLs0=.jpg,,https://www.allmusic.com/album/tonky-mw0004459640
1254,Appalachia Waltz,,https://fastly-s3.allmusic.com/release/mr0003328283/front/220/EBcW93fkCnGxUkJ29REJ_g4Q1ghY8VaPylnm7PwcKNY=.jpg,,https://www.allmusic.com/album/appalachia-waltz-mw0000642022
1257,"Schubert: Symphonies 1, 5 & 8",,https://fastly-s3.allmusic.com/release/mr0002089238/front/220/iKrpnJibYDKOUCSLgm-PGh_TZlp6n_cq-Emr2zx15tU=.jpg,,https://www.allmusic.com/album/schubert-symphonies-1-5-8-mw0001390376
1261,Heard Noises,,https://fastly-s3.allmusic.com/release/mr0006493805/front/220/mG0VSWEWQk8qZNHvYnEmnN_M69_UI9rrJSVvWL2-yAg=.jpg,,https://www.allmusic.com/album/heard-noises-mw0004376946
1271,The Great Escape [Original Motion Picture Score],,https://fastly-s3.allmusic.com/release/mr0000550813/front/220/VSQkKUBUWGNdSBTsolJvjoAf7E_1E-2MlBBPmPAXRBU=.jpg,,https://www.allmusic.com/album/the-great-escape-original-motion-picture-score--mw0000242894
1275,The Essential Alice in Chains,,https://fastly-s3.allmusic.com/release/mr0000721312/front/220/13I4ln2ewDhQ-aErcPNhtd_M69_UI9rrJSVvWL2-yAg=.jpg,,https://www.allmusic.com/album/the-essential-alice-in-chains-mw0000571655
1276,Bruckner: Symphony No. 9,,https://fastly-s3.allmusic.com/release/mr0004713415/front/220/fWDoHmrkfAAUYEbTReKDbZhUoDg0hsvx4F4sL4oO-nA=.jpg,,https://www.allmusic.com/album/bruckner-symphony-no-9-mw0003046785
1279,Flowers in the Spring,,https://fastly-s3.allmusic.com/release/mr0006561886/front/220/q3wnSY0iFZ0GZlBFXh0sVh_TZlp6n_cq-Emr2zx15tU=.jpg,,https://www.allmusic.com/album/flowers-in-the-spring-mw0004423031
1280,The Select,,https://fastly-s3.allmusic.com/release/mr0006613723/front/220/Qe0Fe4anzz7VZOgCAs58LA4Q1ghY8VaPylnm7PwcKNY=.jpg,,https://www.allmusic.com/album/the-select-mw0004465787
1281,After Alter,,https://fastly-s3.allmusic.com/release/mr0006564820/front/220/yW3cr8fzo4MiQZMawcKGj1WnbEN5fCjifro6xhIBuB4=.jpg,,https://www.allmusic.com/album/after-alter-mw0004425597
1283,March to Fuzz,,https://fastly-s3.allmusic.com/release/mr0000000445/front/220/OucBntlVgfYGn5emsQR8dt_M69_UI9rrJSVvWL2-yAg=.jpg,,https://www.allmusic.com/album/march-to-fuzz-mw0000052764
1284,West Side Soul,,https://fastly-s3.allmusic.com/release/mr0000097715/front/220/qiCzPnICjGnbBSXODxbBF1WnbEN5fCjifro6xhIBuB4=.jpg,,https://www.allmusic.com/album/west-side-soul-mw0000204525
1285,30 Greatest Hits,,https://fastly-s3.allmusic.com/release/mr0001075123/front/220/rOr4d5M3YDdsay7IH56JLJhUoDg0hsvx4F4sL4oO-nA=.jpg,,https://www.allmusic.com/album/30-greatest-hits-mw0000087358
1286,Snaz,,https://fastly-s3.allmusic.com/release/mr0001785590/front/220/aj9WRFbDGdz3wyojGHZ0NA4Q1ghY8VaPylnm7PwcKNY=.jpg,,https://www.allmusic.com/album/snaz-mw0000239658
1287,The Story of Sonny Boy Slim,,https://fastly-s3.allmusic.com/release/mr0004443356/front/220/Z49_Mar_LtSwv3btyYrcZIAf7E_1E-2MlBBPmPAXRBU=.jpg,,https://www.allmusic.com/album/the-story-of-sonny-boy-slim-mw0002865866
1288,Emperor of Sand,,https://fastly-s3.allmusic.com/release/mr0004671089/front/220/Z65M3eSqyBaInXypT63KY5hUoDg0hsvx4F4sL4oO-nA=.jpg,,https://www.allmusic.com/album/emperor-of-sand-mw0003017546
1289,Live: The Real Deal,,https://fastly-s3.allmusic.com/release/mr0000360732/front/220/ChnQQozfqkPDv8NE4aZ09xyhM-OFI8zG4l-qVpXXB1I=.jpg,,https://www.allmusic.com/album/live-the-real-deal-mw0000182234
1290,Best of Live at the Apollo: 50th Anniversary,,https://fastly-s3.allmusic.com/release/mr0003748993/front/220/7WGFOrcNO9IEJV6u53_kBASijaXJlYnq0St31qpAJWo=.jpg,,https://www.allmusic.com/album/best-of-live-at-the-apollo-50th-anniversary-mw0002415272
1299,Her Best: The Chess 50th Anniversary Collection,,https://fastly-s3.allmusic.com/release/mr0000061893/front/220/OwuplYt4GsEHRQOOUs64e5hUoDg0hsvx4F4sL4oO-nA=.jpg,,https://www.allmusic.com/album/her-best-the-chess-50th-anniversary-collection-mw0000099681
1307,Songs for Swingin' Lovers!,,https://fastly-s3.allmusic.com/release/mr0000828133/front/220/wj4am3AKO1Ey84kXO6mnvlWnbEN5fCjifro6xhIBuB4=.jpg,,https://www.allmusic.com/album/songs-for-swingin-lovers%21-mw0000195713
1308,"Jump, Jive An' Wail: The Essential",,https://fastly-s3.allmusic.com/release/mr0001109750/front/220/igYWh9DE5ByFMlP1zlG7sVWnbEN5fCjifro6xhIBuB4=.jpg,,https://www.allmusic.com/album/jump-jive-an-wail-the-essential-mw0000676643
1309,Boogie Woogie Zydeco,,https://fastly-s3.allmusic.com/release/mr0000022881/front/220/DbKYcjkH14RrVf-PzSHi9g4Q1ghY8VaPylnm7PwcKNY=.jpg,,https://www.allmusic.com/album/boogie-woogie-zydeco-mw0000278027
1310,The Monkees,,https://fastly-s3.allmusic.com/release/mr0000477220/front/220/csGY1n8q9_VIzQ_whFRJJIAf7E_1E-2MlBBPmPAXRBU=.jpg,,https://www.allmusic.com/album/the-monkees-mw0000187061
1311,DISCO,,https://fastly-s3.allmusic.com/release/mr0005251712/front/220/EN3zoTp7RMZBkIRVpfJkjj6KsMttLlyBmmVTZ6_CLs0=.jpg,,https://www.allmusic.com/album/disco-mw0003410698
1312,The Very Best of Big Joe Turner,,https://fastly-s3.allmusic.com/release/mr0000085905/front/220/3T8fQaBx53Lgi46OjD1p0x_TZlp6n_cq-Emr2zx15tU=.jpg,,https://www.allmusic.com/album/the-very-best-of-big-joe-turner-mw0000031897
1318,Fauré: La bonne chanson & other songs,,https://fastly-s3.allmusic.com/release/mr0006635930/front/220/geNjU64qh4yH_by8fw3gOASijaXJlYnq0St31qpAJWo=.jpg,,https://www.allmusic.com/album/faur%C3%A9-la-bonne-chanson-other-songs-mw0004459319
1325,Appetite for Destruction,,https://fastly-s3.allmusic.com/release/mr0001591637/front/220/bIXhqVVVnEFmO7pMuTUxWypQg_7iAU1wjqLgK_xGXts=.jpg,,https://www.allmusic.com/album/appetite-for-destruction-mw0000192878
1326,Plastic Ono Band,,https://fastly-s3.allmusic.com/release/mr0003131071/front/220/HzHLjWLAc_Hn_CT97aXp7QSijaXJlYnq0St31qpAJWo=.jpg,,https://www.allmusic.com/album/plastic-ono-band-mw0000195367
1334,Telephantasm,,https://fastly-s3.allmusic.com/release/mr0003116152/front/220/uX6lqiv4h2MhvyD_igpdIYAf7E_1E-2MlBBPmPAXRBU=.jpg,,https://www.allmusic.com/album/telephantasm-mw0002030589
1335,Norman Fucking Rockwell!,,https://fastly-s3.allmusic.com/release/mr0005100825/front/220/pULElsfk1MgLeP4AvxAxOByhM-OFI8zG4l-qVpXXB1I=.jpg,,https://www.allmusic.com/album/norman-fucking-rockwell%21-mw0003306752
1337,Holy Fvck,,https://fastly-s3.allmusic.com/release/mr0005692907/front/220/xh-2hwWqyXtoxJSfyzAJHVWnbEN5fCjifro6xhIBuB4=.jpg,,https://www.allmusic.com/album/holy-fvck-mw0003734788
1338,Ohms,,https://fastly-s3.allmusic.com/release/mr0005263161/front/220/YJvsQI54aykZsXJPZlHmZFWnbEN5fCjifro6xhIBuB4=.jpg,,https://www.allmusic.com/album/ohms-mw0003419200
1347,Gold,,https://fastly-s3.allmusic.com/release/mr0001138209/front/220/hXsG9OMrEtVy-Y1hklH9BoAf7E_1E-2MlBBPmPAXRBU=.jpg,,https://www.allmusic.com/album/gold-mw0000425514
1348,The Definitive Rock Collection,,https://fastly-s3.allmusic.com/release/mr0000692184/front/220/B-PTfAPi27pSTWzH3ZBhjD6KsMttLlyBmmVTZ6_CLs0=.jpg,,https://www.allmusic.com/album/the-definitive-rock-collection-mw0000770299
1349,Experience Hendrix: The Best of Jimi Hendrix,,https://fastly-s3.allmusic.com/release/mr0002916607/front/220/vADuhUn2vkKOnF-D43yL7QSijaXJlYnq0St31qpAJWo=.jpg,,https://www.allmusic.com/album/experience-hendrix-the-best-of-jimi-hendrix-mw0000618087
1359,The Magnificent Seven/The Hallelujah Trail,,https://fastly-s3.allmusic.com/release/mr0001127820/front/220/OGZsnb4DIoQrM595emoWmR_TZlp6n_cq-Emr2zx15tU=.jpg,,https://www.allmusic.com/album/the-magnificent-seven-the-hallelujah-trail-mw0000114344
1363,"Bruckner 3, Version 1877",,https://fastly-s3.allmusic.com/release/mr0006552090/front/220/A6hUOneUQm7oP8I5EfOyxypQg_7iAU1wjqLgK_xGXts=.jpg,,https://www.allmusic.com/album/bruckner-3-version-1877-mw0004415008
1365,Robert Schumann: Sinfonie Nr. 4 d-Moll; Jean Sibleius: Sinfonie Nr. 1 e-Moll,,https://fastly-s3.allmusic.com/release/mr0006535570/front/220/f7cvB1fhkgKkTR5DAwMGYFWnbEN5fCjifro6xhIBuB4=.jpg,,https://www.allmusic.com/album/robert-schumann-sinfonie-nr-4-d-moll-jean-sibleius-sinfonie-nr-1-e-moll-mw0004401322
1374,"The Sky, the Earth and All Between",,https://fastly-s3.allmusic.com/release/mr0006562031/front/220/kTdR_7VRPd7clN8MQQcuOphUoDg0hsvx4F4sL4oO-nA=.jpg,,https://www.allmusic.com/album/the-sky-the-earth-and-all-between-mw0004423134
1378,The Best of the Duke Ellington Centennial Edition,,https://fastly-s3.allmusic.com/release/mr0001650818/front/220/wPXopBhUYuCcRq866czw2t_M69_UI9rrJSVvWL2-yAg=.jpg,,https://www.allmusic.com/album/the-best-of-the-duke-ellington-centennial-edition-mw0000241399
1379,The Essential George Jones: The Spirit of Country,,https://fastly-s3.allmusic.com/release/mr0001207868/front/220/OR5WJqMXPfvTUaEKxjYVqJhUoDg0hsvx4F4sL4oO-nA=.jpg,,https://www.allmusic.com/album/the-essential-george-jones-the-spirit-of-country-mw0000626732
1386,The EVEN MORE Freewheelin' Jeffrey Lewis,,https://fastly-s3.allmusic.com/release/mr0006610647/front/220/Z9UtGZMHeuuLcCttuARIjQSijaXJlYnq0St31qpAJWo=.jpg,,https://www.allmusic.com/album/the-even-more-freewheelin-jeffrey-lewis-mw0004463410
1388,"Live Fast, Love Hard: Original Capitol Recordings,1952-1962",,https://fastly-s3.allmusic.com/release/mr0001266544/front/220/QM_67TiHNfMVtoYGcsRZTB_TZlp6n_cq-Emr2zx15tU=.jpg,,https://www.allmusic.com/album/live-fast-love-hard-original-capitol-recordings1952-1962-mw0000177569
1389,Thriller,,https://fastly-s3.allmusic.com/release/mr0000500873/front/220/-axFM7lcPpYWsHf4TI3ywA4Q1ghY8VaPylnm7PwcKNY=.jpg,,https://www.allmusic.com/album/thriller-mw0000056882
1390,The College Dropout,,https://fastly-s3.allmusic.com/release/mr0000325544/front/220/w159D0tussI8rwH0bRaC24Af7E_1E-2MlBBPmPAXRBU=.jpg,,https://www.allmusic.com/album/the-college-dropout-mw0000326741
1391,The Definitive Greatest Hits,,https://fastly-s3.allmusic.com/release/mr0000965151/front/220/o9Z2I7gAa4SruvUbVQW0qT6KsMttLlyBmmVTZ6_CLs0=.jpg,,https://www.allmusic.com/album/the-definitive-greatest-hits-mw0000564813
1392,Elvis Presley [1956],,https://fastly-s3.allmusic.com/release/mr0000440641/front/220/Kd8PAoXNP6eH16aQQYFmnZhUoDg0hsvx4F4sL4oO-nA=.jpg,,https://www.allmusic.com/album/elvis-presley-1956--mw0000737692
1393,The Complete Capitol Hits of Faron Young,,https://fastly-s3.allmusic.com/release/mr0000522013/front/220/AvgNUsucRSP-3gC3cwzlHd_M69_UI9rrJSVvWL2-yAg=.jpg,,https://www.allmusic.com/album/the-complete-capitol-hits-of-faron-young-mw0000000926
1396,The Blue Notebooks,,https://fastly-s3.allmusic.com/release/mr0001018573/front/220/teapWoZv0poCxoaDCqLDhVWnbEN5fCjifro6xhIBuB4=.jpg,,https://www.allmusic.com/album/the-blue-notebooks-mw0000808503
1397,Boys for Pele,,https://fastly-s3.allmusic.com/release/mr0000367472/front/220/n5HUdTXu18K0BowoC1waiZhUoDg0hsvx4F4sL4oO-nA=.jpg,,https://www.allmusic.com/album/boys-for-pele-mw0000179033
1398,An American Trilogy: Looks Like Rain/Frisco Mabel Joy/Heaven Help the Child,,https://fastly-s3.allmusic.com/release/mr0003352235/front/220/V2tResCP-Z-SAeHpE9vJL5hUoDg0hsvx4F4sL4oO-nA=.jpg,,https://www.allmusic.com/album/an-american-trilogy-looks-like-rain-frisco-mabel-joy-heaven-help-the-child-mw0002138541
1399,Exodus [Original Motion Picture Soundtrack],,https://fastly-s3.allmusic.com/release/mr0000298662/front/220/4XinVEblthn6r7J-rqxhld_M69_UI9rrJSVvWL2-yAg=.jpg,,https://www.allmusic.com/album/exodus-original-motion-picture-soundtrack--mw0000196613
1400,American VI: Ain't No Grave,,https://fastly-s3.allmusic.com/release/mr0002870502/front/220/3jqpXSHalMMlGba9nmzNyQSijaXJlYnq0St31qpAJWo=.jpg,,https://www.allmusic.com/album/american-vi-aint-no-grave-mw0001958363
1401,Mount Analogue,,https://fastly-s3.allmusic.com/release/mr0003551070/front/220/3E9Vjt7s-COpaOzTe-BXR1WnbEN5fCjifro6xhIBuB4=.jpg,,https://www.allmusic.com/album/mount-analogue-mw0002290783
1402,Letter to Heaven: Songs of Faith and Inspiration,,https://fastly-s3.allmusic.com/release/mr0002900065/front/220/jzBFX4yCj35IT0-ITi71sQSijaXJlYnq0St31qpAJWo=.jpg,,https://www.allmusic.com/album/letter-to-heaven-songs-of-faith-and-inspiration-mw0001974308
1404,Elgar: The Dream of Gerontius,,https://fastly-s3.allmusic.com/release/mr0006573442/front/220/LTJR2u5gxLXP9Oluxx3DXoAf7E_1E-2MlBBPmPAXRBU=.jpg,,https://www.allmusic.com/album/elgar-the-dream-of-gerontius-mw0004433060
1405,Maps,,https://fastly-s3.allmusic.com/release/mr0006588483/front/220/gIwr-AcnZQbLhgeeySGsgCpQg_7iAU1wjqLgK_xGXts=.jpg,,https://www.allmusic.com/album/maps-mw0004445533
1408,Tical,,https://fastly-s3.allmusic.com/release/mr0000158848/front/220/6Y1Flimx090PRjfCapkFI4Af7E_1E-2MlBBPmPAXRBU=.jpg,,https://www.allmusic.com/album/tical-mw0000626811
1409,Laugh at My Pain,,https://fastly-s3.allmusic.com/release/mr0003736183/front/220/S2-Yumvlceu_u0V4P0ZhGVWnbEN5fCjifro6xhIBuB4=.jpg,,https://www.allmusic.com/album/laugh-at-my-pain-mw0002308021
1410,DJ-Kicks,,https://fastly-s3.allmusic.com/release/mr0002930995/front/220/bEwmCSMHVkBVw992-uY73JhUoDg0hsvx4F4sL4oO-nA=.jpg,,https://www.allmusic.com/album/dj-kicks-mw0001997145
1411,High Life,,https://fastly-s3.allmusic.com/release/mr0004188055/front/220/rmjXDMhCcroKQfmkuHMKWCpQg_7iAU1wjqLgK_xGXts=.jpg,,https://www.allmusic.com/album/high-life-mw0002684010
1412,"Thunder, Lightning, Strike",,https://fastly-s3.allmusic.com/release/mr0000492191/front/220/28UXBx6XAtM7t1blW70ltxyhM-OFI8zG4l-qVpXXB1I=.jpg,,https://www.allmusic.com/album/thunder-lightning-strike-mw0000470408
1413,Your Queen Is a Reptile,,https://fastly-s3.allmusic.com/release/mr0004838536/front/220/rGa6c2XcFTF04AsWZ_gVGB_TZlp6n_cq-Emr2zx15tU=.jpg,,https://www.allmusic.com/album/your-queen-is-a-reptile-mw0003139532
1414,Get the Knack,,https://fastly-s3.allmusic.com/release/mr0001281556/front/220/FlxoCMeL5iESD7FSsXhL1ipQg_7iAU1wjqLgK_xGXts=.jpg,,https://www.allmusic.com/album/get-the-knack-mw0000203259
1416,"Da Mind of Traxman, Vol. 3",,https://fastly-s3.allmusic.com/release/mr0006606829/front/220/h-rMiafsjxgXykdLIpzFySpQg_7iAU1wjqLgK_xGXts=.jpg,,https://www.allmusic.com/album/da-mind-of-traxman-vol-3-mw0004460313
1417,Ágætis Byrjun,,https://fastly-s3.allmusic.com/release/mr0003131173/front/220/F1Prvta3X4_g5je9tm_nf1WnbEN5fCjifro6xhIBuB4=.jpg,,https://www.allmusic.com/album/%C3g%C3%A6tis-byrjun-mw0000623855
1418,The Orb's Adventures Beyond the Ultraworld,,https://fastly-s3.allmusic.com/release/mr0001240696/front/220/9KXdhTJlfZy3K2AZveltjh_TZlp6n_cq-Emr2zx15tU=.jpg,,https://www.allmusic.com/album/the-orbs-adventures-beyond-the-ultraworld-mw0000675264
1421,Selected Ambient Works 85-92,,https://fastly-s3.allmusic.com/release/mr0004342035/front/220/0NWsXeR1Kz5TmBronx9Zdw4Q1ghY8VaPylnm7PwcKNY=.jpg,,https://www.allmusic.com/album/selected-ambient-works-85-92-mw0000213259
1422,Crystal Suite,,https://fastly-s3.allmusic.com/release/mr0000091102/front/220/sfeuiOq7QUSfRTfK3pbosQ4Q1ghY8VaPylnm7PwcKNY=.jpg,,https://www.allmusic.com/album/crystal-suite-mw0000654048
1423,Dub Gone Crazy: The Evolution of Dub at King Tubby's 1975-1977,,https://fastly-s3.allmusic.com/release/mr0000358492/front/220/tS_yUM76pGKv-aytaJ7YFByhM-OFI8zG4l-qVpXXB1I=.jpg,,https://www.allmusic.com/album/dub-gone-crazy-the-evolution-of-dub-at-king-tubbys-1975-1977-mw0000646290
1424,Innovator,,https://fastly-s3.allmusic.com/release/mr0000784022/front/220/5TFliCpISsD3zMoB7-j3jB_TZlp6n_cq-Emr2zx15tU=.jpg,,https://www.allmusic.com/album/innovator-mw0000037347
1433,A Picture of Nectar,,https://fastly-s3.allmusic.com/release/mr0000025074/front/220/4ZcVeH6k5sXmn-O5pJFFtw4Q1ghY8VaPylnm7PwcKNY=.jpg,,https://www.allmusic.com/album/a-picture-of-nectar-mw0000678643
1435,Hope Amid Tears: Beethoven Cello Sonatas,,https://fastly-s3.allmusic.com/release/mr0005408208/front/220/HtfDrDTISfl-PqnEzQfUKRyhM-OFI8zG4l-qVpXXB1I=.jpg,,https://www.allmusic.com/album/hope-amid-tears-beethoven-cello-sonatas-mw0003524662
1443,"The Best of Grover Washington, Jr.",,https://fastly-s3.allmusic.com/release/mr0001092206/front/220/hGFw2Uj3MlGWPqibiUw_swSijaXJlYnq0St31qpAJWo=.jpg,,https://www.allmusic.com/album/the-best-of-grover-washington-jr-mw0000185468
1444,Telephone,,https://fastly-s3.allmusic.com/release/mr0001345888/front/220/azNVdoySdt1izx7pVzewkN_M69_UI9rrJSVvWL2-yAg=.jpg,,https://www.allmusic.com/album/telephone-mw0000187960
1445,Concert by the Sea,,https://fastly-s3.allmusic.com/release/mr0000276377/front/220/NC0OcSc3JrkyCNfaOKOGaA4Q1ghY8VaPylnm7PwcKNY=.jpg,,https://www.allmusic.com/album/concert-by-the-sea-mw0000188078
1446,The Köln Concert,,https://fastly-s3.allmusic.com/release/mr0000272413/front/220/UD2kEVGEMmZExWtiHyLhpz6KsMttLlyBmmVTZ6_CLs0=.jpg,,https://www.allmusic.com/album/the-k%C3%B6ln-concert-mw0000188364
1447,A Night at the Opera,,https://fastly-s3.allmusic.com/release/mr0003384418/front/220/PoU8jZztVJGaeJM-d7OxZlWnbEN5fCjifro6xhIBuB4=.jpg,,https://www.allmusic.com/album/a-night-at-the-opera-mw0000391519
1448,Greatest Hits [1994],,https://fastly-s3.allmusic.com/release/mr0003750060/front/220/8ZQieQKIJva-AMwZyPFfSx_TZlp6n_cq-Emr2zx15tU=.jpg,,https://www.allmusic.com/album/greatest-hits-1994--mw0000257975
1450,Parasomnia,,https://fastly-s3.allmusic.com/release/mr0006560027/front/220/oC_mFoMark4-dL4rW1ABPQ4Q1ghY8VaPylnm7PwcKNY=.jpg,,https://www.allmusic.com/album/parasomnia-mw0004399106
1451,Dance Therapy,,https://fastly-s3.allmusic.com/release/mr0006549635/front/220/bhok8e-npgVpHhhd4wT7SQ4Q1ghY8VaPylnm7PwcKNY=.jpg,,https://www.allmusic.com/album/dance-therapy-mw0004412911
1462,Perfect Right Now: A Slumberland Collection 2008-2010,,https://fastly-s3.allmusic.com/release/mr0006595599/front/220/F6jz8yw57BKdvqgCU2sZhB_TZlp6n_cq-Emr2zx15tU=.jpg,,https://www.allmusic.com/album/perfect-right-now-a-slumberland-collection-2008-2010-mw0004451408
1463,Another Day,,https://fastly-s3.allmusic.com/release/mr0006568702/front/220/oE4tXokqREOVNv-WGtX95JhUoDg0hsvx4F4sL4oO-nA=.jpg,,https://www.allmusic.com/album/another-day-mw0004429002
1468,The Best of Van Morrison [Mercury],,https://fastly-s3.allmusic.com/release/mr0000095464/front/220/oa_T3-bNGU2tKevk3MveAByhM-OFI8zG4l-qVpXXB1I=.jpg,,https://www.allmusic.com/album/the-best-of-van-morrison-mercury--mw0000204352
1470,Astral Weeks,,https://fastly-s3.allmusic.com/release/mr0001503998/front/220/6EUNU8yJGvXQjxsg5q-ssR_TZlp6n_cq-Emr2zx15tU=.jpg,,https://www.allmusic.com/album/astral-weeks-mw0000190975
1471,Driftin' Blues: The Best of Charles Brown,,https://fastly-s3.allmusic.com/release/mr0000022548/front/220/H6poxE-nhXz4wdMPU77onwSijaXJlYnq0St31qpAJWo=.jpg,,https://www.allmusic.com/album/driftin-blues-the-best-of-charles-brown-mw0000277370
1473,Sinister Grift,,https://fastly-s3.allmusic.com/release/mr0006528772/front/220/dO1SHK7ezXzN4JpX452c7oAf7E_1E-2MlBBPmPAXRBU=.jpg,,https://www.allmusic.com/album/sinister-grift-mw0004396252
1474,Ballads,,https://fastly-s3.allmusic.com/release/mr0006608727/front/220/nPfu115dA-psN2BRT_ObRA4Q1ghY8VaPylnm7PwcKNY=.jpg,,https://www.allmusic.com/album/ballads-mw0004474291
1475,Microtonic,,https://fastly-s3.allmusic.com/release/mr0006590251/front/220/F6jz8yw57BKdvqgCU2sZhCpQg_7iAU1wjqLgK_xGXts=.jpg,,https://www.allmusic.com/album/microtonic-mw0004447151
1488,After the Gold Rush,,https://fastly-s3.allmusic.com/release/mr0001102476/front/220/ZGmm_JLyrl4N9TGPsZhb9D6KsMttLlyBmmVTZ6_CLs0=.jpg,,https://www.allmusic.com/album/after-the-gold-rush-mw0000192439
1489,The Band,,https://fastly-s3.allmusic.com/release/mr0000279943/front/220/qRMoDApoQAtYE8UbMUyist_M69_UI9rrJSVvWL2-yAg=.jpg,,https://www.allmusic.com/album/the-band-mw0000192897
1490,Maxinquaye,,https://fastly-s3.allmusic.com/release/mr0000849559/front/220/-q5sVGN2XLByNIbi3JLhyd_M69_UI9rrJSVvWL2-yAg=.jpg,,https://www.allmusic.com/album/maxinquaye-mw0000171711
1491,Things We Lost in the Fire,,https://fastly-s3.allmusic.com/release/mr0000844674/front/220/FywrHE2L6rm7Hl4IJEQycFWnbEN5fCjifro6xhIBuB4=.jpg,,https://www.allmusic.com/album/things-we-lost-in-the-fire-mw0000624971
1493,Figure 8,,https://fastly-s3.allmusic.com/release/mr0003696665/front/220/Sy7qCRMZPZmlC_LgiuLNpFWnbEN5fCjifro6xhIBuB4=.jpg,,https://www.allmusic.com/album/figure-8-mw0000604250
1494,Exile in Guyville,,https://fastly-s3.allmusic.com/release/mr0000777357/front/220/4dWc2DYCTR6ZnwlueswoWR_TZlp6n_cq-Emr2zx15tU=.jpg,,https://www.allmusic.com/album/exile-in-guyville-mw0000618547
1495,Birth of the Cool,,https://fastly-s3.allmusic.com/release/mr0001465635/front/220/kr1027YoT_O5wTwqGHI9MlWnbEN5fCjifro6xhIBuB4=.jpg,,https://www.allmusic.com/album/birth-of-the-cool-mw0000111184
1503,Diamonds & Dirt,,https://fastly-s3.allmusic.com/release/mr0000284810/front/220/rC4xWf2Tfv7M9F7CnVIzpoAf7E_1E-2MlBBPmPAXRBU=.jpg,,https://www.allmusic.com/album/diamonds-dirt-mw0000195073
1505,Discography: The Complete Singles Collection,,https://fastly-s3.allmusic.com/release/mr0000114056/front/220/inloY3OcS6uf7RGivRVOa5hUoDg0hsvx4F4sL4oO-nA=.jpg,,https://www.allmusic.com/album/discography-the-complete-singles-collection-mw0000269674
1519,"The Very Best of Buck Owens, Vol. 1",,https://fastly-s3.allmusic.com/release/mr0000154745/front/220/Q6zfBPn-6xMWLaihMkmviVWnbEN5fCjifro6xhIBuB4=.jpg,,https://www.allmusic.com/album/the-very-best-of-buck-owens-vol-1-mw0000626482
1530,One Nation Under a Groove,,https://fastly-s3.allmusic.com/release/mr0001863985/front/220/ye1uiRYdY0OiHGn_f2c0xh_TZlp6n_cq-Emr2zx15tU=.jpg,,https://www.allmusic.com/album/one-nation-under-a-groove-mw0000106837
1537,Bach: Partita No. 3 in A minor; Partita No. 4 in D major; Toccata No. 7 in E minor,,https://fastly-s3.allmusic.com/release/mr0002692009/front/220/vLx66WSbumQjQk-NE1dDfoAf7E_1E-2MlBBPmPAXRBU=.jpg,,https://www.allmusic.com/album/bach-partita-no-3-in-a-minor-partita-no-4-in-d-major-toccata-no-7-in-e-minor-mw0001392735
1539,Bruckner: Symphony No. 2; Richard Strauss: Der Bürger als Edelmann,,https://fastly-s3.allmusic.com/release/mr0004788795/front/220/o3gDv5hyYwSazE5JtqY8yByhM-OFI8zG4l-qVpXXB1I=.jpg,,https://www.allmusic.com/album/bruckner-symphony-no-2-richard-strauss-der-b%C3%BCrger-als-edelmann-mw0003104193
1540,"Music, You All",,https://fastly-s3.allmusic.com/release/mr0004543020/front/220/IRr9icxWggr3Q6GWzNJut5hUoDg0hsvx4F4sL4oO-nA=.jpg,,https://www.allmusic.com/album/music-you-all-mw0000882680
1541,Richard Wagner: Die Meistersinger von Nürnberg,,https://fastly-s3.allmusic.com/release/mr0002718002/front/220/XpTFymOfZm5tbAARmz4_BB_TZlp6n_cq-Emr2zx15tU=.jpg,,https://www.allmusic.com/album/richard-wagner-die-meistersinger-von-n%C3%BCrnberg-mw0001871312
1542,Two,,https://fastly-s3.allmusic.com/release/mr0004447744/front/220/oJcxRVlrgO4Mi53HwA0gExyhM-OFI8zG4l-qVpXXB1I=.jpg,,https://www.allmusic.com/album/two-mw0002868398
1543,Mis Número 1...40 Aniversario,,https://fastly-s3.allmusic.com/release/mr0004202343/front/220/4NUOw46WUrIE8UAdcJj5-R_TZlp6n_cq-Emr2zx15tU=.jpg,,https://www.allmusic.com/album/mis-n%C3%BAmero-140-aniversario-mw0002692666
1544,MIJA NO TE ASUSTES,,https://fastly-s3.allmusic.com/release/mr0006633681/front/220/21hPnGY9gtkP079R9GFHxwSijaXJlYnq0St31qpAJWo=.jpg,,https://www.allmusic.com/album/mija-no-te-asustes-mw0004481276
1559,Free,,https://fastly-s3.allmusic.com/release/mr0001079038/front/220/OaQ53Km_IB5pZRbznlvEDw4Q1ghY8VaPylnm7PwcKNY=.jpg,,https://www.allmusic.com/album/free-mw0000651721
1573,Master Takes: Victor Sessions (1932-1943),,https://fastly-s3.allmusic.com/release/mr0000109073/front/220/Sn-rqLawXW7WflDNcoYyo9_M69_UI9rrJSVvWL2-yAg=.jpg,,https://www.allmusic.com/album/master-takes-victor-sessions-1932-1943-mw0000690610
1576,Ultimate!,,https://fastly-s3.allmusic.com/release/mr0000936522/front/220/X1ssoJ0g-k0xUqbNZcRLLQSijaXJlYnq0St31qpAJWo=.jpg,,https://www.allmusic.com/album/ultimate%21-mw0000589722
1581,Pink Moon,,https://fastly-s3.allmusic.com/release/mr0001144699/front/220/khElUCbkJmAYYtFyKF9qbt_M69_UI9rrJSVvWL2-yAg=.jpg,,https://www.allmusic.com/album/pink-moon-mw0000315191
1583,Moon Safari,,https://fastly-s3.allmusic.com/release/mr0000086561/front/220/RE2rJdl7r2cwHohYM00nQxyhM-OFI8zG4l-qVpXXB1I=.jpg,,https://www.allmusic.com/album/moon-safari-mw0000597258
1584,Inspiration Information,,https://fastly-s3.allmusic.com/release/mr0001190088/front/220/DODVl36gE-JJYI1cn_UuRT6KsMttLlyBmmVTZ6_CLs0=.jpg,,https://www.allmusic.com/album/inspiration-information-mw0000116207
1585,The Bossa Nova Albums,,https://fastly-s3.allmusic.com/release/mr0001373860/front/220/IO2WSEOFLjE4NlLH4lkgQd_M69_UI9rrJSVvWL2-yAg=.jpg,,https://www.allmusic.com/album/the-bossa-nova-albums-mw0000494295
1586,Like Water for Chocolate,,https://fastly-s3.allmusic.com/release/mr0000006003/front/220/oGxkGXmb45E4HFz70ozjhJhUoDg0hsvx4F4sL4oO-nA=.jpg,,https://www.allmusic.com/album/like-water-for-chocolate-mw0000087522
1587,All Things Must Pass,,https://fastly-s3.allmusic.com/release/mr0001295001/front/220/4Cn0sEz9DTHScnTVskgS1T6KsMttLlyBmmVTZ6_CLs0=.jpg,,https://www.allmusic.com/album/all-things-must-pass-mw0000194979
1588,The Essential Sade,,https://fastly-s3.allmusic.com/release/mr0004092320/front/220/U8RBqudG4ziC1ECxWe2F_IAf7E_1E-2MlBBPmPAXRBU=.jpg,,https://www.allmusic.com/album/the-essential-sade-mw0002619825
1595,Ctrl,,https://fastly-s3.allmusic.com/release/mr0004715122/front/220/TZrhslbBHYLdMXwTS0nQrCpQg_7iAU1wjqLgK_xGXts=.jpg,,https://www.allmusic.com/album/ctrl-mw0003047932
1596,Madman Across the Water,,https://fastly-s3.allmusic.com/release/mr0003704826/front/220/U2U6HIW-E2F_FlFYcCMU5N_M69_UI9rrJSVvWL2-yAg=.jpg,,https://www.allmusic.com/album/madman-across-the-water-mw0000190515
1598,Replica,,https://fastly-s3.allmusic.com/release/mr0003467873/front/220/IAyaMqqWWyvAx5B1YpaAyj6KsMttLlyBmmVTZ6_CLs0=.jpg,,https://www.allmusic.com/album/replica-mw0002209439
1600,In the Orbit of Ra,,https://fastly-s3.allmusic.com/release/mr0004219348/front/220/P6UU8EvNPA4dxDsLTlWVfw4Q1ghY8VaPylnm7PwcKNY=.jpg,,https://www.allmusic.com/album/in-the-orbit-of-ra-mw0002703805
1608,Legalize It,,https://fastly-s3.allmusic.com/release/mr0000328920/front/220/CVhWf7mIRsLnhc3yo7p3_YAf7E_1E-2MlBBPmPAXRBU=.jpg,,https://www.allmusic.com/album/legalize-it-mw0000192099
1609,Legend: The Best of Bob Marley and the Wailers,,https://fastly-s3.allmusic.com/release/mr0001398817/front/220/fT46cRCzsqHb1PQuys0yIQSijaXJlYnq0St31qpAJWo=.jpg,,https://www.allmusic.com/album/legend-the-best-of-bob-marley-and-the-wailers-mw0000194760
1610,Mojo Hand: The Anthology,,https://fastly-s3.allmusic.com/release/mr0001963355/front/220/K_2eJ8Wxg6IHkmKQWn2hzIAf7E_1E-2MlBBPmPAXRBU=.jpg,,https://www.allmusic.com/album/mojo-hand-the-anthology-mw0000096185
1611,The Very Best of T-Bone Walker [Koch],,https://fastly-s3.allmusic.com/release/mr0001249063/front/220/GcsB4uNsPsO3n-LctSDrhw4Q1ghY8VaPylnm7PwcKNY=.jpg,,https://www.allmusic.com/album/the-very-best-of-t-bone-walker-koch--mw0000054741
1612,Blues from the Gutter,,https://fastly-s3.allmusic.com/release/mr0001104020/front/220/ZC_oV5-bBbmfiPyla-6tIR_TZlp6n_cq-Emr2zx15tU=.jpg,,https://www.allmusic.com/album/blues-from-the-gutter-mw0000087081
1614,Your Lungs and Your Tongues,,https://fastly-s3.allmusic.com/release/mr0006602682/front/220/A-9tk0qGwRhJpCkoogrFvoAf7E_1E-2MlBBPmPAXRBU=.jpg,,https://www.allmusic.com/album/your-lungs-and-your-tongues-mw0004457029
1654,Weather,,https://fastly-s3.allmusic.com/release/mr0003503900/front/220/knQ3KJUW-Tjy1SEu1_ut4D6KsMttLlyBmmVTZ6_CLs0=.jpg,,https://www.allmusic.com/album/weather-mw0002239628
1655,Flower Boy,,https://fastly-s3.allmusic.com/release/mr0004746486/front/220/F7AqPLuQA2L1pF8iHC1DdlWnbEN5fCjifro6xhIBuB4=.jpg,,https://www.allmusic.com/album/flower-boy-mw0003071760
1656,Ascenseur pour l'Échafaud [Original Motion Picture Soundtrack],,https://fastly-s3.allmusic.com/release/mr0003344721/front/220/j6HyfZqBzXvwVAH2TmrRKhyhM-OFI8zG4l-qVpXXB1I=.jpg,,https://www.allmusic.com/album/ascenseur-pour-l%C3chafaud-original-motion-picture-soundtrack--mw0000203518
1657,Quercus,,https://fastly-s3.allmusic.com/release/mr0003901472/front/220/mZG6H3C9EI9yeHT7DhmV4lWnbEN5fCjifro6xhIBuB4=.jpg,,https://www.allmusic.com/album/quercus-mw0002495715
1664,x100pre,,https://fastly-s3.allmusic.com/release/mr0005090873/front/220/3VtPul2WBSumL1W2QS6SjQ4Q1ghY8VaPylnm7PwcKNY=.jpg,,https://www.allmusic.com/album/x100pre-mw0003239818
1665,"The Bootleg Series, Vol. 7: That's What Happened 1982-1985",,https://fastly-s3.allmusic.com/release/mr0005711256/front/220/xOk_MFrAU05wxVuLQ0qgTASijaXJlYnq0St31qpAJWo=.jpg,,https://www.allmusic.com/album/the-bootleg-series-vol-7-thats-what-happened-1982-1985-mw0003747305
1666,Make It Big,,https://fastly-s3.allmusic.com/release/mr0000850889/front/220/llprpNSSINBt0fkZzRJGeh_TZlp6n_cq-Emr2zx15tU=.jpg,,https://www.allmusic.com/album/make-it-big-mw0000192387
1667,Merci Miles! [Live at Vienne],,https://fastly-s3.allmusic.com/release/mr0005404646/front/220/XrPOowJ5sSNvC9MbRdyHfoAf7E_1E-2MlBBPmPAXRBU=.jpg,,https://www.allmusic.com/album/merci-miles%21-live-at-vienne--mw0003522147
1668,Unlimited Love,,https://fastly-s3.allmusic.com/release/mr0005593564/front/220/g2B7NY2aTLYoMvjxOlEfUx_TZlp6n_cq-Emr2zx15tU=.jpg,,https://www.allmusic.com/album/unlimited-love-mw0003664801
1669,BTO's Greatest Hits,,https://fastly-s3.allmusic.com/release/mr0001271163/front/220/dI_alNKbBS8SlDsARDrAdJhUoDg0hsvx4F4sL4oO-nA=.jpg,,https://www.allmusic.com/album/btos-greatest-hits-mw0000649855
1670,Tiddlywinks,,https://fastly-s3.allmusic.com/release/mr0000766935/front/220/JuGG-VPWYwhELtlaGml5xg4Q1ghY8VaPylnm7PwcKNY=.jpg,,https://www.allmusic.com/album/tiddlywinks-mw0000207231
1672,Cowards,,https://fastly-s3.allmusic.com/release/mr0006595140/front/220/qCWYBZYO5KWAU4NttHq3TgSijaXJlYnq0St31qpAJWo=.jpg,,https://www.allmusic.com/album/cowards-mw0004437406
1673,Whistle from Above,,https://fastly-s3.allmusic.com/release/mr0006575917/front/220/oxT2mBIm5WDOfdXdgA6fNT6KsMttLlyBmmVTZ6_CLs0=.jpg,,https://www.allmusic.com/album/whistle-from-above-mw0004435209
1692,15 Años Baladas Éxitos,,https://fastly-s3.allmusic.com/release/mr0000141167/front/220/Uale7XaN39cQL6fRhLsPX9_M69_UI9rrJSVvWL2-yAg=.jpg,,https://www.allmusic.com/album/15-a%C3%B1os-baladas-%C3xitos-mw0000111907
1693,Leonard Bernstein: A Tribute,,https://fastly-s3.allmusic.com/release/mr0001626219/front/220/1Flq-nwGoY3BxEpWg7jrw1WnbEN5fCjifro6xhIBuB4=.jpg,,https://www.allmusic.com/album/leonard-bernstein-a-tribute-mw0000958234
1701,Berg: Lulu,,https://fastly-s3.allmusic.com/release/mr0002075228/front/220/QUfB7X59SV_mTZG4eSc6Oz6KsMttLlyBmmVTZ6_CLs0=.jpg,,https://www.allmusic.com/album/berg-lulu-mw0001845598
1703,Modern Jester,,https://fastly-s3.allmusic.com/release/mr0003573517/front/220/uFpDaiNUy2qkrrB610zO11WnbEN5fCjifro6xhIBuB4=.jpg,,https://www.allmusic.com/album/modern-jester-mw0002285871
1704,Luxury Problems,,https://fastly-s3.allmusic.com/release/mr0003781004/front/220/2o7li_mpJFn4gIcrY856R9_M69_UI9rrJSVvWL2-yAg=.jpg,,https://www.allmusic.com/album/luxury-problems-mw0002424505
1707,Halo on the Inside,,https://fastly-s3.allmusic.com/release/mr0006610566/front/220/x2d3KnOorM-ZdJ_kmk23nipQg_7iAU1wjqLgK_xGXts=.jpg,,https://www.allmusic.com/album/halo-on-the-inside-mw0004463380
1744,Original Sun Singles '56-'60,,https://fastly-s3.allmusic.com/release/mr0001520426/front/220/XZf6PGEQ73xuhsERkVYa-hyhM-OFI8zG4l-qVpXXB1I=.jpg,,https://www.allmusic.com/album/original-sun-singles-56-60-mw0000808999
1752,End of the Middle,,https://fastly-s3.allmusic.com/release/mr0006549651/front/220/Mejwxpee-i2g2mKg5-x2Aj6KsMttLlyBmmVTZ6_CLs0=.jpg,,https://www.allmusic.com/album/end-of-the-middle-mw0004412914
1763,Wolfgang Amadeus Mozart: Serenata; Eine kleine nachtmusik; Posthorn; Haffner,,https://fastly-s3.allmusic.com/release/mr0006556252/front/220/YCMWXYLxOBQP8SjKKdBrYCpQg_7iAU1wjqLgK_xGXts=.jpg,,https://www.allmusic.com/album/wolfgang-amadeus-mozart-serenata-eine-kleine-nachtmusik-posthorn-haffner-mw0004418409
1764,Antonio Vivaldi: Le Quattro Stagioni,,https://fastly-s3.allmusic.com/release/mr0006556226/front/220/YbrDrNU798shcpy-d1aPJ9_M69_UI9rrJSVvWL2-yAg=.jpg,,https://www.allmusic.com/album/antonio-vivaldi-le-quattro-stagioni-mw0004418385
1768,Massenet: Le Cid,,https://fastly-s3.allmusic.com/release/mr0002680205/front/220/7651h1n8MgUfzI1mPcQ7JCpQg_7iAU1wjqLgK_xGXts=.jpg,,https://www.allmusic.com/album/massenet-le-cid-mw0000948368
1769,"Dvorák: Symphony No. 9 ""From the New World""; Carnival Overture; Slavonic Dances Nos. 1 & 3",,https://fastly-s3.allmusic.com/release/mr0002690307/front/220/qDOI0lxahbCAbBZYlbAEVByhM-OFI8zG4l-qVpXXB1I=.jpg,,https://www.allmusic.com/album/dvor%C3%A1k-symphony-no-9-from-the-new-world-carnival-overture-slavonic-dances-nos-1-3-mw0001838754
1770,"Holst: The Planets, Op. 32",,https://fastly-s3.allmusic.com/release/mr0002713026/front/220/4ZCSIJc3hXqq6PgHtzq9aIAf7E_1E-2MlBBPmPAXRBU=.jpg,,https://www.allmusic.com/album/holst-the-planets-op-32-mw0001798949
1771,Holst: The Planets; St. Paul's Suite; Brook Green Suite,,https://fastly-s3.allmusic.com/release/mr0002152803/front/220/UhfbODtPIHZZenkVSF2o7ZhUoDg0hsvx4F4sL4oO-nA=.jpg,,https://www.allmusic.com/album/holst-the-planets-st-pauls-suite-brook-green-suite-mw0001872091
1772,Holst: The Planets; St. Paul's Suite,,https://fastly-s3.allmusic.com/release/mr0002116155/front/220/3QqKVkYvCvvxZz7JJS9pfA4Q1ghY8VaPylnm7PwcKNY=.jpg,,https://www.allmusic.com/album/holst-the-planets-st-pauls-suite-mw0001941239
1778,The Quintessential Hank Thompson 1948-1979,,https://fastly-s3.allmusic.com/release/mr0001041351/front/220/BE83uvL-U-nAYOUID3kVLZhUoDg0hsvx4F4sL4oO-nA=.jpg,,https://www.allmusic.com/album/the-quintessential-hank-thompson-1948-1979-mw0000824575
1779,The Essential Miles Davis [Columbia/Legacy],,https://fastly-s3.allmusic.com/release/mr0001302487/front/220/VrjYgtMkg1BCQVmljxEG5t_M69_UI9rrJSVvWL2-yAg=.jpg,,https://www.allmusic.com/album/the-essential-miles-davis-columbia-legacy--mw0000674522
1784,"Grazyna Bacewicz: Complete Symphonic Works, Vol. 3",,https://fastly-s3.allmusic.com/release/mr0006535433/front/220/nRPJPTmBk9a3dPAJc2SfZphUoDg0hsvx4F4sL4oO-nA=.jpg,,https://www.allmusic.com/album/grazyna-bacewicz-complete-symphonic-works-vol-3-mw0004401192
1787,"F.A.C.T. 2: Future Alliance of Communication & Tecknology, Vol. 2",,https://fastly-s3.allmusic.com/release/mr0000070945/front/220/WbreCRft6d75EUtQnnJjfwSijaXJlYnq0St31qpAJWo=.jpg,,https://www.allmusic.com/album/fact-2-future-alliance-of-communication-tecknology-vol-2-mw0000025309
1788,Black Secret Technology,,https://fastly-s3.allmusic.com/release/mr0001287494/front/220/saeoT9KOibddWwIki76YkByhM-OFI8zG4l-qVpXXB1I=.jpg,,https://www.allmusic.com/album/black-secret-technology-mw0000243593
1789,Transport,,https://fastly-s3.allmusic.com/release/mr0004541859/front/220/AoCJeU-EicBe01PWX1sLcB_TZlp6n_cq-Emr2zx15tU=.jpg,,https://www.allmusic.com/album/transport-mw0002931721
1790,Glam,,https://fastly-s3.allmusic.com/release/mr0000404693/front/220/ARcvlCPHhB0kD2GFSF9Bwd_M69_UI9rrJSVvWL2-yAg=.jpg,,https://www.allmusic.com/album/glam-mw0000025517
1791,24K Magic,,https://fastly-s3.allmusic.com/release/mr0004628697/front/220/_42a8PqC1yxuMv2Az0oYLd_M69_UI9rrJSVvWL2-yAg=.jpg,,https://www.allmusic.com/album/24k-magic-mw0002988686
1792,Beneath the Surface,,https://fastly-s3.allmusic.com/release/mr0000110175/front/220/dqDll7k9Rqf_JH6-LsEox4Af7E_1E-2MlBBPmPAXRBU=.jpg,,https://www.allmusic.com/album/beneath-the-surface-mw0000666991
1795,Mos Def & Talib Kweli Are Black Star,,https://fastly-s3.allmusic.com/release/mr0000735086/front/220/7J1grys7bmVIWqGYft_31FWnbEN5fCjifro6xhIBuB4=.jpg,,https://www.allmusic.com/album/mos-def-talib-kweli-are-black-star-mw0000043603
1805,Only the Lonely,,https://fastly-s3.allmusic.com/release/mr0002756274/front/220/eHg7M8P8EYCo1uZMbMjbFA4Q1ghY8VaPylnm7PwcKNY=.jpg,,https://www.allmusic.com/album/only-the-lonely-mw0000194131
1807,Thank Me Later,,https://fastly-s3.allmusic.com/release/mr0002929785/front/220/XOlA_ASV7FuOqy6_Bn9FiCpQg_7iAU1wjqLgK_xGXts=.jpg,,https://www.allmusic.com/album/thank-me-later-mw0001996454
1808,Bridge Over Troubled Water,,https://fastly-s3.allmusic.com/release/mr0001768382/front/220/eSc4xBgckr7NmQ0-1ht_yRyhM-OFI8zG4l-qVpXXB1I=.jpg,,https://www.allmusic.com/album/bridge-over-troubled-water-mw0000191730
1809,"The Quintessential Billie Holiday, Vol. 5 (1937-1938)",,https://fastly-s3.allmusic.com/release/mr0000831733/front/220/ZlSoozZfI65m1IsZXFtwcJhUoDg0hsvx4F4sL4oO-nA=.jpg,,https://www.allmusic.com/album/the-quintessential-billie-holiday-vol-5-1937-1938-mw0000202755
1810,I Never Learn,,https://fastly-s3.allmusic.com/release/mr0004118552/front/220/uz8x1Y1fjFKvVkalNbKI0phUoDg0hsvx4F4sL4oO-nA=.jpg,,https://www.allmusic.com/album/i-never-learn-mw0002638068
1811,Behind Closed Doors,,https://fastly-s3.allmusic.com/release/mr0001606713/front/220/i6MSn1-DR0X4N4yixOJmKQSijaXJlYnq0St31qpAJWo=.jpg,,https://www.allmusic.com/album/behind-closed-doors-mw0000192550
1819,The Ultimate Hits Collection,,https://fastly-s3.allmusic.com/release/mr0001261943/front/220/BYg5Zc2T_VRoaz4NxnWa4R_TZlp6n_cq-Emr2zx15tU=.jpg,,https://www.allmusic.com/album/the-ultimate-hits-collection-mw0000036249
1820,Provocative Percussion,,https://fastly-s3.allmusic.com/release/mr0000356255/front/220/85_bZJMIv41uUcZMsW3XKZhUoDg0hsvx4F4sL4oO-nA=.jpg,,https://www.allmusic.com/album/provocative-percussion-mw0000172533
1851,Composition Book,,https://fastly-s3.allmusic.com/release/mr0006570846/front/220/mG0VSWEWQk8qZNHvYnEmnJhUoDg0hsvx4F4sL4oO-nA=.jpg,,https://www.allmusic.com/album/composition-book-mw0004430867
1856,Ultimate Collection,,https://fastly-s3.allmusic.com/release/mr0000530096/front/220/bL97Q01X9IHnM5ZZyKbWoVWnbEN5fCjifro6xhIBuB4=.jpg,,https://www.allmusic.com/album/ultimate-collection-mw0000003238
1858,Mendelssohn: Elijah,,https://fastly-s3.allmusic.com/release/mr0006483561/front/220/GtKYcBQ73-hqeoBISeELi9_M69_UI9rrJSVvWL2-yAg=.jpg,,https://www.allmusic.com/album/mendelssohn-elijah-mw0004358861
1859,The Best of the Wailing Souls,,https://fastly-s3.allmusic.com/release/mr0002329764/front/220/0yVG2_KQqtWUmP4qtLE7p9_M69_UI9rrJSVvWL2-yAg=.jpg,,https://www.allmusic.com/album/the-best-of-the-wailing-souls-mw0000860773
1860,Friday Night Lights,,https://fastly-s3.allmusic.com/release/mr0006563916/front/220/lNhj1dD_xFOApy_5V7HRY1WnbEN5fCjifro6xhIBuB4=.jpg,,https://www.allmusic.com/album/friday-night-lights-mw0002125889
1861,Better Wonder,,https://fastly-s3.allmusic.com/release/mr0006532796/front/220/XBDG7EXmU9l4Fu_gDgT8A4Af7E_1E-2MlBBPmPAXRBU=.jpg,,https://www.allmusic.com/album/better-wonder-mw0004399247
1862,Pater Noster: A Choral Reflection on the Lord's Prayer,,https://fastly-s3.allmusic.com/release/mr0003773553/front/220/QJJE4yjvVwTBirnbrWXhX4Af7E_1E-2MlBBPmPAXRBU=.jpg,,https://www.allmusic.com/album/pater-noster-a-choral-reflection-on-the-lords-prayer-mw0002419791
1863,Christmas Carols with The King's Singers,,https://fastly-s3.allmusic.com/release/mr0005456119/front/220/kYjgt6L7hqFDSaMyhQdVowSijaXJlYnq0St31qpAJWo=.jpg,,https://www.allmusic.com/album/christmas-carols-with-the-kings-singers-mw0003560903
1864,Magic 3,,https://fastly-s3.allmusic.com/release/mr0006141657/front/220/v7gzRBh9MrMd-Kd4V9-uZByhM-OFI8zG4l-qVpXXB1I=.jpg,,https://www.allmusic.com/album/magic-3-mw0004096550
1865,Drill Music in Zion,,https://fastly-s3.allmusic.com/release/mr0005663361/front/220/0EEO-VZ4yvs2rGv7_3Iu4g4Q1ghY8VaPylnm7PwcKNY=.jpg,,https://www.allmusic.com/album/drill-music-in-zion-mw0003716645
1866,CALL ME IF YOU GET LOST,,https://fastly-s3.allmusic.com/release/mr0005434514/front/220/c-5iM64Vr-d0OZZ1cpvXk9_M69_UI9rrJSVvWL2-yAg=.jpg,,https://www.allmusic.com/album/call-me-if-you-get-lost-mw0003544834
1867,Now the Green Blade Riseth: Choral Music for Easter,,https://fastly-s3.allmusic.com/release/mr0005606863/front/220/VhhR2VP8TU_gQU6bxLP_AZhUoDg0hsvx4F4sL4oO-nA=.jpg,,https://www.allmusic.com/album/now-the-green-blade-riseth-choral-music-for-easter-mw0003677801
1868,Marie et Marion,,https://fastly-s3.allmusic.com/release/mr0004117352/front/220/h1TEKMLgjlqSHz95GMZQEx_TZlp6n_cq-Emr2zx15tU=.jpg,,https://www.allmusic.com/album/marie-et-marion-mw0002637230
1869,Chanticleer Sings Christmas,,https://fastly-s3.allmusic.com/release/mr0005267158/front/220/BMisUc_HVsiDrCXYOyxj3gSijaXJlYnq0St31qpAJWo=.jpg,,https://www.allmusic.com/album/chanticleer-sings-christmas-mw0003421093
1875,Berlioz: Requiem; Symphonie Fantastique,,https://fastly-s3.allmusic.com/release/mr0002125746/front/220/IKuv-VN8jT3ewBPDSGtLXYAf7E_1E-2MlBBPmPAXRBU=.jpg,,https://www.allmusic.com/album/berlioz-requiem-symphonie-fantastique-mw0001396394
1877,The Sea Hawk: The Classic Film Scores of Erich Korngold,,https://fastly-s3.allmusic.com/release/mr0003136132/front/220/S4542orha0bY5jefescgtB_TZlp6n_cq-Emr2zx15tU=.jpg,,https://www.allmusic.com/album/the-sea-hawk-the-classic-film-scores-of-erich-korngold-mw0001827662
1882,Carl Orff: Carmina Burana,,https://fastly-s3.allmusic.com/release/mr0006550219/front/220/G7fHnJNCuD2WBP72DKLMAFWnbEN5fCjifro6xhIBuB4=.jpg,,https://www.allmusic.com/album/carl-orff-carmina-burana-mw0004413392
1885,"Tubular Bells, 2003",,https://fastly-s3.allmusic.com/release/mr0001422185/front/220/wVzvhckTKlI0NwzFErumHw4Q1ghY8VaPylnm7PwcKNY=.jpg,,https://www.allmusic.com/album/tubular-bells-2003-mw0001850093
1888,The Da Vinci Code [Original Motion Picture Soundtrack],,https://fastly-s3.allmusic.com/release/mr0000500117/front/220/OO9YE86jXzv48Gr_WTOzHByhM-OFI8zG4l-qVpXXB1I=.jpg,,https://www.allmusic.com/album/the-da-vinci-code-original-motion-picture-soundtrack--mw0000425340
1893,Vivaldi: Arsilda,,https://fastly-s3.allmusic.com/release/mr0006595021/front/220/lWXRlHp9AIWOfRHL3JpLOypQg_7iAU1wjqLgK_xGXts=.jpg,,https://www.allmusic.com/album/vivaldi-arsilda-mw0004450990
1894,GNOSIS,,https://fastly-s3.allmusic.com/release/mr0006621445/front/220/cntB-cK-jW8TVBDNYZChRQSijaXJlYnq0St31qpAJWo=.jpg,,https://www.allmusic.com/album/gnosis-mw0004471787
1901,Black Radio,,https://fastly-s3.allmusic.com/release/mr0003519031/front/220/li7cxvud7ToFbFjqc-VKhhyhM-OFI8zG4l-qVpXXB1I=.jpg,,https://www.allmusic.com/album/black-radio-mw0002266610
1911,Waiting for Cousteau [En Attendant Cousteau],,https://fastly-s3.allmusic.com/release/mr0000357974/front/220/h81ZCp4CJJX8xgrMk5i1elWnbEN5fCjifro6xhIBuB4=.jpg,,https://www.allmusic.com/album/waiting-for-cousteau-en-attendant-cousteau--mw0000171145
1913,Placeless,,https://fastly-s3.allmusic.com/release/mr0005015264/front/220/epCCkdI-yTvg103aHi5HqByhM-OFI8zG4l-qVpXXB1I=.jpg,,https://www.allmusic.com/album/placeless-mw0003251646
1914,Indiana Jones and the Dial of Destiny [Original Motion Picture Soundtrack],,https://fastly-s3.allmusic.com/release/mr0006079890/front/220/j7Nk_dkGRLfaGN3hkHYc5B_TZlp6n_cq-Emr2zx15tU=.jpg,,https://www.allmusic.com/album/indiana-jones-and-the-dial-of-destiny-original-motion-picture-soundtrack--mw0004046592
1915,Cosmic Seeds,,https://fastly-s3.allmusic.com/release/mr0006531026/front/220/8SxEbllvozaw99D69LUTwCpQg_7iAU1wjqLgK_xGXts=.jpg,,https://www.allmusic.com/album/cosmic-seeds-mw0004397989
1921,Greatest Hits: Walking to New Orleans,,https://fastly-s3.allmusic.com/release/mr0001256600/front/220/6Zf3nwbrK7L0cZI1NSjEFCpQg_7iAU1wjqLgK_xGXts=.jpg,,https://www.allmusic.com/album/greatest-hits-walking-to-new-orleans-mw0000584667
1928,Pinball Wanderer,,https://fastly-s3.allmusic.com/release/mr0006601932/front/220/Rwc4ODEjPJIRFAjASlYmQxyhM-OFI8zG4l-qVpXXB1I=.jpg,,https://www.allmusic.com/album/pinball-wanderer-mw0004456431
